Timestamp,PPG_Crudo,PPG_Filtrado,GSR_Crudo,BPM,Ratio_ba,Aging_Index,SCL
10:11:58.781,-112016.0,,776.0,,,,
10:11:58.791,-112025.0,,776.0,,,,
10:11:58.796,-112018.0,,777.0,,,,
10:11:58.801,-112030.0,,779.0,,,,
10:11:58.807,-112027.0,,775.0,,,,
10:11:58.811,-112002.0,,776.0,,,,
10:11:58.815,-112021.0,,777.0,,,,
10:11:58.820,-112005.0,,777.0,,,,
10:11:58.826,-112044.0,,777.0,,,,
10:11:58.832,-112045.0,,767.0,,,,
10:11:58.837,-112060.0,,776.0,,,,
10:11:58.843,-112057.0,,778.0,,,,
10:11:58.848,-112063.0,,776.0,,,,
10:11:58.857,-112069.0,,768.0,,,,
10:11:58.864,-112097.0,,778.0,,,,
10:11:58.874,-112107.0,,778.0,,,,
10:11:58.884,-112113.0,,778.0,,,,
10:11:58.897,-112130.0,,777.0,,,,
10:11:58.906,-112142.0,,778.0,,,,
10:11:58.914,-112128.0,,779.0,,,,
10:11:58.918,-112136.0,,778.0,,,,
10:11:58.922,-112157.0,,776.0,,,,
10:11:58.928,-112175.0,,778.0,,,,
10:11:58.939,-112164.0,,778.0,,,,
10:11:58.944,-112177.0,,778.0,,,,
10:11:58.953,-112171.0,,776.0,,,,
10:11:58.959,-112200.0,,779.0,,,,
10:11:58.968,-112197.0,,778.0,,,,
10:11:58.974,-112198.0,,777.0,,,,
10:11:58.979,-112213.0,,775.0,,,,
10:11:58.989,-112202.0,,777.0,,,,
10:11:58.995,-112207.0,,777.0,,,,
10:11:59.000,-112203.0,,777.0,,,,
10:11:59.007,-112214.0,,776.0,,,,
10:11:59.016,-112231.0,,776.0,,,,
10:11:59.022,-112252.0,,779.0,,,,
10:11:59.028,-112234.0,,777.0,,,,
10:11:59.032,-112247.0,,780.0,,,,
10:11:59.036,-112260.0,,783.0,,,,
10:11:59.042,-112254.0,,780.0,,,,
10:11:59.047,-112255.0,,778.0,,,,
10:11:59.052,-112254.0,,778.0,,,,
10:11:59.056,-112259.0,,780.0,,,,
10:11:59.061,-112262.0,,781.0,,,,
10:11:59.067,-112245.0,,779.0,,,,
10:11:59.071,-112240.0,,777.0,,,,
10:11:59.075,-112232.0,,778.0,,,,
10:11:59.080,-112258.0,,779.0,,,,
10:11:59.084,-112237.0,,777.0,,,,
10:11:59.088,-112222.0,,779.0,,,,
10:11:59.092,-112195.0,,779.0,,,,
10:11:59.096,-112171.0,,779.0,,,,
10:11:59.100,-112161.0,,779.0,,,,
10:11:59.105,-112147.0,,777.0,,,,
10:11:59.108,-112140.0,,776.0,,,,
10:11:59.112,-112129.0,,776.0,,,,
10:11:59.116,-112100.0,,775.0,,,,
10:11:59.121,-112081.0,,776.0,,,,
10:11:59.124,-112064.0,,778.0,,,,
10:11:59.128,-112052.0,,777.0,,,,
10:11:59.133,-112021.0,,775.0,,,,
10:11:59.137,-112008.0,,776.0,,,,
10:11:59.142,-111974.0,,777.0,,,,
10:11:59.145,-111960.0,,777.0,,,,
10:11:59.150,-111953.0,,767.0,,,,
10:11:59.154,-111939.0,,774.0,,,,
10:11:59.158,-111921.0,,776.0,,,,
10:11:59.162,-111904.0,,767.0,,,,
10:11:59.167,-111888.0,,766.0,,,,
10:11:59.173,-111892.0,,765.0,,,,
10:11:59.178,-111867.0,,766.0,,,,
10:11:59.181,-111859.0,,764.0,,,,
10:11:59.185,-111862.0,,762.0,,,,
10:11:59.189,-111857.0,,760.0,,,,
10:11:59.196,-111850.0,,764.0,,,,
10:11:59.202,-111845.0,,774.0,,,,
10:11:59.206,-111846.0,,764.0,,,,
10:11:59.212,-111849.0,,762.0,,,,
10:11:59.215,-111854.0,,763.0,,,,
10:11:59.219,-111843.0,,761.0,,,,
10:11:59.223,-111845.0,,761.0,,,,
10:11:59.227,-111838.0,,751.0,,,,
10:11:59.231,-111839.0,,762.0,,,,
10:11:59.235,-111830.0,,760.0,,,,
10:11:59.242,-111836.0,,751.0,,,,
10:11:59.246,-111829.0,,760.0,,,,
10:11:59.250,-111838.0,,762.0,,,,
10:11:59.255,-111856.0,,765.0,,,,
10:11:59.261,-111852.0,,761.0,,,,
10:11:59.265,-111838.0,,762.0,,,,
10:11:59.272,-111845.0,,763.0,,,,
10:11:59.276,-111857.0,,763.0,,,,
10:11:59.282,-111871.0,,762.0,,,,
10:11:59.288,-111877.0,,763.0,,,,
10:11:59.292,-111893.0,,764.0,,,,
10:11:59.297,-111895.0,,763.0,,,,
10:11:59.304,-111895.0,,764.0,,,,
10:11:59.309,-111915.0,,765.0,,,,
10:11:59.316,-111907.0,,766.0,,,,
10:11:59.321,-111926.0,,765.0,,,,
10:11:59.325,-111919.0,,765.0,,,,
10:11:59.329,-111941.0,,773.0,,,,
10:11:59.333,-111944.0,,776.0,,,,
10:11:59.337,-111921.0,,768.0,,,,
10:11:59.340,-111927.0,,775.0,,,,
10:11:59.345,-111931.0,,767.0,,,,
10:11:59.349,-111930.0,,768.0,,,,
10:11:59.354,-111936.0,,768.0,,,,
10:11:59.359,-111922.0,,765.0,,,,
10:11:59.364,-111933.0,,765.0,,,,
10:11:59.368,-111903.0,,766.0,,,,
10:11:59.375,-111907.0,,776.0,,,,
10:11:59.379,-111918.0,,766.0,,,,
10:11:59.384,-111895.0,,766.0,,,,
10:11:59.388,-111903.0,,777.0,,,,
10:11:59.392,-111904.0,,777.0,,,,
10:11:59.396,-111884.0,,775.0,,,,
10:11:59.402,-111891.0,,768.0,,,,
10:11:59.407,-111892.0,,775.0,,,,
10:11:59.413,-111879.0,,766.0,,,,
10:11:59.417,-111890.0,,766.0,,,,
10:11:59.423,-111869.0,,764.0,,,,
10:11:59.428,-111858.0,,767.0,,,,
10:11:59.432,-111837.0,,768.0,,,,
10:11:59.438,-111840.0,,775.0,,,,
10:11:59.444,-111850.0,,775.0,,,,
10:11:59.449,-111849.0,,776.0,,,,
10:11:59.453,-111853.0,,776.0,,,,
10:11:59.459,-111838.0,,768.0,,,,
10:11:59.467,-111850.0,,776.0,,,,
10:11:59.474,-111863.0,,776.0,,,,
10:11:59.481,-111872.0,,778.0,,,,
10:11:59.486,-111866.0,,766.0,,,,
10:11:59.490,-111874.0,,777.0,,,,
10:11:59.496,-111887.0,,776.0,,,,
10:11:59.501,-111885.0,,777.0,,,,
10:11:59.507,-111902.0,,767.0,,,,
10:11:59.513,-111904.0,,776.0,,,,
10:11:59.517,-111901.0,,779.0,,,,
10:11:59.523,-111906.0,,776.0,,,,
10:11:59.528,-111922.0,,768.0,,,,
10:11:59.533,-111902.0,,768.0,,,,
10:11:59.539,-111921.0,,776.0,,,,
10:11:59.548,-111921.0,55.49518544988068,776.0,79.6812749003984,-0.6625200888865183,-0.2704302121136511,0.0
10:11:59.574,-111923.0,,767.0,,,,
10:11:59.591,-111917.0,,768.0,,,,
10:11:59.596,-111945.0,,767.0,,,,
10:11:59.602,-111952.0,,767.0,,,,
10:11:59.607,-111935.0,,766.0,,,,
10:11:59.613,-111943.0,,766.0,,,,
10:11:59.619,-111957.0,,767.0,,,,
10:11:59.623,-111971.0,,775.0,,,,
10:11:59.628,-111955.0,,768.0,,,,
10:11:59.634,-111975.0,,766.0,,,,
10:11:59.639,-111970.0,,768.0,,,,
10:11:59.643,-111981.0,,781.0,,,,
10:11:59.648,-111985.0,,779.0,,,,
10:11:59.656,-112000.0,,777.0,,,,
10:11:59.661,-112005.0,,777.0,,,,
10:11:59.665,-111998.0,,776.0,,,,
10:11:59.670,-112006.0,,776.0,,,,
10:11:59.674,-112027.0,,766.0,,,,
10:11:59.679,-112018.0,,776.0,,,,
10:11:59.686,-112011.0,,767.0,,,,
10:11:59.692,-112014.0,,776.0,,,,
10:11:59.699,-112055.0,,765.0,,,,
10:11:59.706,-112071.0,,775.0,,,,
10:11:59.714,-112075.0,,766.0,,,,
10:11:59.721,-112076.0,,775.0,,,,
10:11:59.727,-112081.0,,765.0,,,,
10:11:59.732,-112088.0,,766.0,,,,
10:11:59.737,-112116.0,,775.0,,,,
10:11:59.742,-112131.0,,777.0,,,,
10:11:59.748,-112123.0,,765.0,,,,
10:11:59.753,-112125.0,,766.0,,,,
10:11:59.758,-112108.0,,767.0,,,,
10:11:59.765,-112136.0,,775.0,,,,
10:11:59.770,-112154.0,,765.0,,,,
10:11:59.775,-112153.0,,767.0,,,,
10:11:59.783,-112151.0,,768.0,,,,
10:11:59.789,-112167.0,,766.0,,,,
10:11:59.795,-112170.0,,765.0,,,,
10:11:59.801,-112163.0,,766.0,,,,
10:11:59.806,-112167.0,,767.0,,,,
10:11:59.811,-112176.0,,766.0,,,,
10:11:59.816,-112186.0,,764.0,,,,
10:11:59.821,-112187.0,,767.0,,,,
10:11:59.825,-112165.0,,776.0,,,,
10:11:59.830,-112176.0,,776.0,,,,
10:11:59.834,-112179.0,,768.0,,,,
10:11:59.839,-112186.0,,775.0,,,,
10:11:59.843,-112187.0,,767.0,,,,
10:11:59.848,-112187.0,,767.0,,,,
10:11:59.852,-112198.0,,766.0,,,,
10:11:59.857,-112204.0,,783.0,,,,
10:11:59.862,-112195.0,,778.0,,,,
10:11:59.866,-112203.0,,776.0,,,,
10:11:59.871,-112200.0,,767.0,,,,
10:11:59.875,-112195.0,,776.0,,,,
10:11:59.880,-112215.0,,776.0,,,,
10:11:59.884,-112201.0,,767.0,,,,
10:11:59.888,-112206.0,,767.0,,,,
10:11:59.892,-112219.0,,775.0,,,,
10:11:59.897,-112185.0,,767.0,,,,
10:11:59.901,-112216.0,,767.0,,,,
10:11:59.905,-112210.0,,765.0,,,,
10:11:59.910,-112212.0,,767.0,,,,
10:11:59.914,-112217.0,,766.0,,,,
10:11:59.919,-112222.0,,767.0,,,,
10:11:59.924,-112239.0,,766.0,,,,
10:11:59.928,-112236.0,,767.0,,,,
10:11:59.933,-112244.0,,776.0,,,,
10:11:59.938,-112262.0,,767.0,,,,
10:11:59.943,-112259.0,,766.0,,,,
10:11:59.956,-112269.0,,775.0,,,,
10:11:59.963,-112270.0,,767.0,,,,
10:11:59.970,-112278.0,,775.0,,,,
10:11:59.977,-112281.0,,766.0,,,,
10:11:59.985,-112312.0,,768.0,,,,
10:11:59.993,-112312.0,,776.0,,,,
10:11:59.999,-112282.0,,767.0,,,,
10:12:00.004,-112287.0,,776.0,,,,
10:12:00.009,-112310.0,,776.0,,,,
10:12:00.016,-112295.0,,778.0,,,,
10:12:00.023,-112295.0,,767.0,,,,
10:12:00.027,-112300.0,,766.0,,,,
10:12:00.031,-112306.0,,777.0,,,,
10:12:00.035,-112307.0,,775.0,,,,
10:12:00.039,-112307.0,,767.0,,,,
10:12:00.043,-112319.0,,765.0,,,,
10:12:00.049,-112322.0,,776.0,,,,
10:12:00.054,-112319.0,,776.0,,,,
10:12:00.061,-112316.0,,776.0,,,,
10:12:00.067,-112327.0,,779.0,,,,
10:12:00.075,-112336.0,,779.0,,,,
10:12:00.082,-112325.0,,777.0,,,,
10:12:00.087,-112324.0,,778.0,,,,
10:12:00.091,-112324.0,,776.0,,,,
10:12:00.096,-112314.0,,776.0,,,,
10:12:00.100,-112301.0,,776.0,,,,
10:12:00.105,-112280.0,,775.0,,,,
10:12:00.109,-112265.0,,775.0,,,,
10:12:00.114,-112258.0,,776.0,,,,
10:12:00.119,-112244.0,,776.0,,,,
10:12:00.124,-112233.0,,775.0,,,,
10:12:00.128,-112218.0,,777.0,,,,
10:12:00.133,-112192.0,,778.0,,,,
10:12:00.137,-112169.0,,779.0,,,,
10:12:00.141,-112151.0,,778.0,,,,
10:12:00.146,-112124.0,,779.0,,,,
10:12:00.150,-112124.0,,779.0,,,,
10:12:00.155,-112095.0,,777.0,,,,
10:12:00.159,-112064.0,,780.0,,,,
10:12:00.163,-112043.0,,776.0,,,,
10:12:00.168,-112050.0,,778.0,,,,
10:12:00.172,-112019.0,,777.0,,,,
10:12:00.177,-112002.0,,777.0,,,,
10:12:00.181,-111966.0,,777.0,,,,
10:12:00.186,-111977.0,,779.0,,,,
10:12:00.190,-111943.0,,778.0,,,,
10:12:00.195,-111914.0,,779.0,,,,
10:12:00.199,-111914.0,,777.0,,,,
10:12:00.204,-111909.0,,780.0,,,,
10:12:00.209,-111901.0,,778.0,,,,
10:12:00.214,-111896.0,,778.0,,,,
10:12:00.217,-111876.0,,778.0,,,,
10:12:00.222,-111880.0,,779.0,,,,
10:12:00.226,-111867.0,,778.0,,,,
10:12:00.231,-111847.0,,776.0,,,,
10:12:00.235,-111858.0,,777.0,,,,
10:12:00.239,-111849.0,,778.0,,,,
10:12:00.243,-111855.0,,777.0,,,,
10:12:00.249,-111846.0,,781.0,,,,
10:12:00.255,-111837.0,,780.0,,,,
10:12:00.259,-111851.0,,793.0,,,,
10:12:00.264,-111845.0,,780.0,,,,
10:12:00.269,-111867.0,,766.0,,,,
10:12:00.273,-111852.0,,761.0,,,,
10:12:00.278,-111862.0,,751.0,,,,
10:12:00.282,-111833.0,,760.0,,,,
10:12:00.288,-111842.0,,762.0,,,,
10:12:00.293,-111845.0,,764.0,,,,
10:12:00.298,-111832.0,,774.0,,,,
10:12:00.304,-111861.0,,767.0,,,,
10:12:00.310,-111854.0,,768.0,,,,
10:12:00.316,-111839.0,,775.0,,,,
10:12:00.322,-111851.0,,777.0,,,,
10:12:00.326,-111849.0,,776.0,,,,
10:12:00.332,-111864.0,,767.0,,,,
10:12:00.338,-111889.0,,766.0,,,,
10:12:00.342,-111897.0,,775.0,,,,
10:12:00.348,-111888.0,,776.0,,,,
10:12:00.352,-111912.0,,775.0,,,,
10:12:00.357,-111932.0,,775.0,,,,
10:12:00.362,-111922.0,,777.0,,,,
10:12:00.366,-111934.0,,775.0,,,,
10:12:00.370,-111933.0,,765.0,,,,
10:12:00.375,-111934.0,,766.0,,,,
10:12:00.381,-111929.0,,775.0,,,,
10:12:00.386,-111934.0,,776.0,,,,
10:12:00.391,-111928.0,,765.0,,,,
10:12:00.397,-111917.0,,766.0,,,,
10:12:00.402,-111918.0,,776.0,,,,
10:12:00.407,-111915.0,,777.0,,,,
10:12:00.411,-111907.0,,766.0,,,,
10:12:00.416,-111880.0,,776.0,,,,
10:12:00.421,-111886.0,,777.0,,,,
10:12:00.425,-111896.0,,776.0,,,,
10:12:00.431,-111877.0,,767.0,,,,
10:12:00.436,-111865.0,,767.0,,,,
10:12:00.441,-111879.0,,776.0,,,,
10:12:00.446,-111855.0,,778.0,,,,
10:12:00.451,-111864.0,,776.0,,,,
10:12:00.457,-111845.0,,776.0,,,,
10:12:00.463,-111836.0,,777.0,,,,
10:12:00.467,-111824.0,,777.0,,,,
10:12:00.473,-111833.0,,768.0,,,,
10:12:00.479,-111835.0,,775.0,,,,
10:12:00.483,-111812.0,,777.0,,,,
10:12:00.488,-111826.0,,777.0,,,,
10:12:00.492,-111815.0,,776.0,,,,
10:12:00.498,-111832.0,,778.0,,,,
10:12:00.502,-111817.0,,780.0,,,,
10:12:00.507,-111814.0,,776.0,,,,
10:12:00.513,-111806.0,,776.0,,,,
10:12:00.517,-111806.0,,777.0,,,,
10:12:00.523,-111792.0,,778.0,,,,
10:12:00.528,-111835.0,,776.0,,,,
10:12:00.533,-111834.0,,777.0,,,,
10:12:00.539,-111843.0,,776.0,,,,
10:12:00.543,-111850.0,,777.0,,,,
10:12:00.549,-111855.0,,775.0,,,,
10:12:00.554,-111865.0,,776.0,,,,
10:12:00.559,-111861.0,,775.0,,,,
10:12:00.565,-111873.0,,777.0,,,,
10:12:00.571,-111876.0,,777.0,,,,
10:12:00.576,-111869.0,,775.0,,,,
10:12:00.582,-111874.0,,776.0,,,,
10:12:00.587,-111885.0,,777.0,,,,
10:12:00.592,-111896.0,,776.0,,,,
10:12:00.598,-111913.0,,776.0,,,,
10:12:00.604,-111907.0,,767.0,,,,
10:12:00.610,-111917.0,,775.0,,,,
10:12:00.617,-111880.0,,776.0,,,,
10:12:00.624,-111908.0,,765.0,,,,
10:12:00.632,-111923.0,,767.0,,,,
10:12:00.637,-111925.0,,776.0,,,,
10:12:00.642,-111918.0,,776.0,,,,
10:12:00.648,-111929.0,,767.0,,,,
10:12:00.656,-111954.0,,778.0,,,,
10:12:00.663,-111928.0,,781.0,,,,
10:12:00.670,-111955.0,,781.0,,,,
10:12:00.676,-111965.0,,778.0,,,,
10:12:00.683,-111968.0,,779.0,,,,
10:12:00.688,-111970.0,,780.0,,,,
10:12:00.694,-111960.0,,779.0,,,,
10:12:00.700,-111968.0,,778.0,,,,
10:12:00.706,-111985.0,,779.0,,,,
10:12:00.712,-111975.0,,777.0,,,,
10:12:00.719,-111984.0,,778.0,,,,
10:12:00.725,-111991.0,,775.0,,,,
10:12:00.740,-112027.0,,781.0,,,,
10:12:00.746,-112051.0,,779.0,,,,
10:12:00.751,-112013.0,,779.0,,,,
10:12:00.757,-112041.0,,776.0,,,,
10:12:00.764,-112056.0,,777.0,,,,
10:12:00.771,-112067.0,,777.0,,,,
10:12:00.776,-112092.0,,776.0,,,,
10:12:00.783,-112091.0,,765.0,,,,
10:12:00.790,-112110.0,,766.0,,,,
10:12:00.797,-112108.0,,776.0,,,,
10:12:00.805,-112117.0,,765.0,,,,
10:12:00.811,-112123.0,,765.0,,,,
10:12:00.817,-112143.0,,766.0,,,,
10:12:00.824,-112156.0,,766.0,,,,
10:12:00.831,-112144.0,,765.0,,,,
10:12:00.838,-112150.0,,764.0,,,,
10:12:00.844,-112149.0,,767.0,,,,
10:12:00.851,-112150.0,,775.0,,,,
10:12:00.858,-112168.0,,776.0,,,,
10:12:00.863,-112179.0,,766.0,,,,
10:12:00.867,-112173.0,,768.0,,,,
10:12:00.872,-112160.0,,766.0,,,,
10:12:00.878,-112157.0,,775.0,,,,
10:12:00.882,-112163.0,,775.0,,,,
10:12:00.889,-112189.0,,776.0,,,,
10:12:00.894,-112171.0,,775.0,,,,
10:12:00.899,-112187.0,,768.0,,,,
10:12:00.904,-112178.0,,780.0,,,,
10:12:00.910,-112206.0,,780.0,,,,
10:12:00.915,-112197.0,,777.0,,,,
10:12:00.921,-112192.0,,777.0,,,,
10:12:00.927,-112194.0,,766.0,,,,
10:12:00.933,-112217.0,,767.0,,,,
10:12:00.940,-112199.0,,767.0,,,,
10:12:00.944,-112196.0,,765.0,,,,
10:12:00.948,-112180.0,,765.0,,,,
10:12:00.954,-112213.0,,767.0,,,,
10:12:00.959,-112214.0,,767.0,,,,
10:12:00.965,-112223.0,,766.0,,,,
10:12:00.971,-112240.0,,763.0,,,,
10:12:00.975,-112251.0,,765.0,,,,
10:12:00.980,-112245.0,,766.0,,,,
10:12:00.984,-112253.0,,765.0,,,,
10:12:00.989,-112269.0,,765.0,,,,
10:12:00.994,-112286.0,,766.0,,,,
10:12:00.998,-112296.0,,765.0,,,,
10:12:01.004,-112303.0,,765.0,,,,
10:12:01.009,-112301.0,,765.0,,,,
10:12:01.014,-112301.0,,766.0,,,,
10:12:01.020,-112329.0,,775.0,,,,
10:12:01.025,-112330.0,,766.0,,,,
10:12:01.030,-112366.0,,765.0,,,,
10:12:01.036,-112348.0,,763.0,,,,
10:12:01.041,-112345.0,,765.0,,,,
10:12:01.045,-112345.0,,765.0,,,,
10:12:01.049,-112349.0,,767.0,,,,
10:12:01.054,-112364.0,,765.0,,,,
10:12:01.059,-112371.0,,767.0,,,,
10:12:01.067,-112362.0,,767.0,,,,
10:12:01.072,-112339.0,,765.0,,,,
10:12:01.077,-112354.0,,767.0,,,,
10:12:01.082,-112370.0,,776.0,,,,
10:12:01.087,-112354.0,,767.0,,,,
10:12:01.091,-112366.0,,765.0,,,,
10:12:01.096,-112358.0,,775.0,,,,
10:12:01.100,-112344.0,,776.0,,,,
10:12:01.104,-112327.0,,779.0,,,,
10:12:01.108,-112307.0,,778.0,,,,
10:12:01.113,-112276.0,,778.0,,,,
10:12:01.117,-112274.0,,779.0,,,,
10:12:01.121,-112224.0,,777.0,,,,
10:12:01.125,-112208.0,,776.0,,,,
10:12:01.129,-112185.0,,778.0,,,,
10:12:01.133,-112158.0,,766.0,,,,
10:12:01.138,-112131.0,,768.0,,,,
10:12:01.142,-112090.0,,768.0,,,,
10:12:01.146,-112072.0,,776.0,,,,
10:12:01.150,-112076.0,,768.0,,,,
10:12:01.155,-112038.0,,764.0,,,,
10:12:01.160,-112011.0,,777.0,,,,
10:12:01.164,-111987.0,,764.0,,,,
10:12:01.169,-111962.0,,766.0,,,,
10:12:01.174,-111962.0,,767.0,,,,
10:12:01.178,-111957.0,,765.0,,,,
10:12:01.184,-111916.0,,776.0,,,,
10:12:01.188,-111915.0,,775.0,,,,
10:12:01.193,-111894.0,,767.0,,,,
10:12:01.199,-111885.0,,765.0,,,,
10:12:01.207,-111861.0,,767.0,,,,
10:12:01.212,-111864.0,,775.0,,,,
10:12:01.217,-111845.0,,767.0,,,,
10:12:01.224,-111867.0,,765.0,,,,
10:12:01.231,-111832.0,,766.0,,,,
10:12:01.237,-111856.0,,766.0,,,,
10:12:01.242,-111848.0,,766.0,,,,
10:12:01.249,-111836.0,,763.0,,,,
10:12:01.255,-111819.0,,775.0,,,,
10:12:01.259,-111835.0,,775.0,,,,
10:12:01.263,-111805.0,,777.0,,,,
10:12:01.269,-111798.0,,775.0,,,,
10:12:01.274,-111811.0,,778.0,,,,
10:12:01.278,-111800.0,,779.0,,,,
10:12:01.285,-111808.0,,779.0,,,,
10:12:01.290,-111784.0,,776.0,,,,
10:12:01.295,-111789.0,,779.0,,,,
10:12:01.299,-111787.0,,784.0,,,,
10:12:01.305,-111790.0,,780.0,,,,
10:12:01.309,-111797.0,,780.0,,,,
10:12:01.314,-111784.0,,791.0,,,,
10:12:01.320,-111781.0,,782.0,,,,
10:12:01.325,-111780.0,,783.0,,,,
10:12:01.330,-111767.0,,780.0,,,,
10:12:01.335,-111767.0,,792.0,,,,
10:12:01.340,-111757.0,,791.0,,,,
10:12:01.345,-111758.0,,782.0,,,,
10:12:01.349,-111769.0,,782.0,,,,
10:12:01.354,-111787.0,,783.0,,,,
10:12:01.358,-111792.0,,791.0,,,,
10:12:01.363,-111787.0,,779.0,,,,
10:12:01.367,-111772.0,,779.0,,,,
10:12:01.372,-111806.0,,779.0,,,,
10:12:01.376,-111793.0,,779.0,,,,
10:12:01.380,-111819.0,,776.0,,,,
10:12:01.385,-111841.0,,776.0,,,,
10:12:01.389,-111833.0,,777.0,,,,
10:12:01.394,-111836.0,,777.0,,,,
10:12:01.398,-111825.0,,775.0,,,,
10:12:01.405,-111841.0,,776.0,,,,
10:12:01.411,-111838.0,,777.0,,,,
10:12:01.415,-111834.0,,768.0,,,,
10:12:01.421,-111846.0,,768.0,,,,
10:12:01.427,-111828.0,,776.0,,,,
10:12:01.433,-111806.0,,776.0,,,,
10:12:01.438,-111807.0,,765.0,,,,
10:12:01.445,-111813.0,,765.0,,,,
10:12:01.452,-111820.0,,768.0,,,,
10:12:01.458,-111799.0,,776.0,,,,
10:12:01.477,-111778.0,,768.0,,,,
10:12:01.483,-111784.0,,766.0,,,,
10:12:01.489,-111780.0,,766.0,,,,
10:12:01.497,-111777.0,,775.0,,,,
10:12:01.502,-111768.0,,767.0,,,,
10:12:01.509,-111742.0,,765.0,,,,
10:12:01.514,-111775.0,,764.0,,,,
10:12:01.519,-111764.0,,779.0,,,,
10:12:01.524,-111750.0,,779.0,,,,
10:12:01.533,-111747.0,,777.0,,,,
10:12:01.542,-111733.0,,776.0,,,,
10:12:01.549,-111746.0,,777.0,,,,
10:12:01.557,-111732.0,,776.0,,,,
10:12:01.562,-111737.0,,767.0,,,,
10:12:01.570,-111732.0,,767.0,,,,
10:12:01.575,-111723.0,,775.0,,,,
10:12:01.583,-111722.0,,768.0,,,,
10:12:01.592,-111732.0,,775.0,,,,
10:12:01.601,-111724.0,,774.0,,,,
10:12:01.607,-111748.0,,777.0,,,,
10:12:01.612,-111731.0,,776.0,,,,
10:12:01.619,-111725.0,,767.0,,,,
10:12:01.624,-111746.0,,776.0,,,,
10:12:01.629,-111754.0,,777.0,,,,
10:12:01.637,-111792.0,,779.0,,,,
10:12:01.647,-111778.0,,766.0,,,,
10:12:01.653,-111786.0,,767.0,,,,
10:12:01.661,-111790.0,,768.0,,,,
10:12:01.667,-111804.0,,776.0,,,,
10:12:01.672,-111795.0,,775.0,,,,
10:12:01.681,-111818.0,,775.0,,,,
10:12:01.689,-111831.0,,777.0,,,,
10:12:01.697,-111839.0,,768.0,,,,
10:12:01.702,-111825.0,,766.0,,,,
10:12:01.707,-111839.0,,767.0,,,,
10:12:01.712,-111856.0,,775.0,,,,
10:12:01.716,-111844.0,,768.0,,,,
10:12:01.722,-111859.0,,764.0,,,,
10:12:01.727,-111878.0,,766.0,,,,
10:12:01.732,-111850.0,,774.0,,,,
10:12:01.737,-111876.0,,776.0,,,,
10:12:01.742,-111883.0,,766.0,,,,
10:12:01.748,-111881.0,,767.0,,,,
10:12:01.753,-111892.0,,777.0,,,,
10:12:01.757,-111895.0,,767.0,,,,
10:12:01.763,-111901.0,,766.0,,,,
10:12:01.767,-111890.0,,778.0,,,,
10:12:01.773,-111919.0,,775.0,,,,
10:12:01.778,-111915.0,,775.0,,,,
10:12:01.782,-111902.0,,766.0,,,,
10:12:01.788,-111920.0,,775.0,,,,
10:12:01.793,-111941.0,,778.0,,,,
10:12:01.798,-111925.0,,778.0,,,,
10:12:01.805,-111918.0,,767.0,,,,
10:12:01.809,-111926.0,,767.0,,,,
10:12:01.815,-111950.0,,767.0,,,,
10:12:01.821,-111956.0,,777.0,,,,
10:12:01.827,-111963.0,,765.0,,,,
10:12:01.832,-111980.0,,766.0,,,,
10:12:01.838,-111971.0,,767.0,,,,
10:12:01.843,-111974.0,,766.0,,,,
10:12:01.849,-111999.0,,763.0,,,,
10:12:01.855,-112002.0,,765.0,,,,
10:12:01.861,-112019.0,,766.0,,,,
10:12:01.866,-112045.0,,764.0,,,,
10:12:01.871,-112067.0,,764.0,,,,
10:12:01.876,-112061.0,,763.0,,,,
10:12:01.883,-112065.0,,766.0,,,,
10:12:01.889,-112071.0,,765.0,,,,
10:12:01.896,-112093.0,,764.0,,,,
10:12:01.900,-112096.0,,764.0,,,,
10:12:01.907,-112104.0,,765.0,,,,
10:12:01.912,-112128.0,,766.0,,,,
10:12:01.916,-112113.0,,765.0,,,,
10:12:01.921,-112118.0,,767.0,,,,
10:12:01.926,-112151.0,,775.0,,,,
10:12:01.931,-112139.0,,776.0,,,,
10:12:01.936,-112152.0,,777.0,,,,
10:12:01.941,-112144.0,,766.0,,,,
10:12:01.946,-112160.0,,768.0,,,,
10:12:01.950,-112163.0,,779.0,,,,
10:12:01.956,-112171.0,,767.0,,,,
10:12:01.962,-112165.0,,777.0,,,,
10:12:01.967,-112156.0,,776.0,,,,
10:12:01.972,-112166.0,,766.0,,,,
10:12:01.977,-112171.0,,778.0,,,,
10:12:01.982,-112181.0,,777.0,,,,
10:12:01.987,-112194.0,,777.0,,,,
10:12:01.992,-112170.0,,777.0,,,,
10:12:01.997,-112190.0,,775.0,,,,
10:12:02.002,-112206.0,,776.0,,,,
10:12:02.007,-112199.0,,776.0,,,,
10:12:02.013,-112199.0,,776.0,,,,
10:12:02.017,-112178.0,,768.0,,,,
10:12:02.022,-112204.0,,768.0,,,,
10:12:02.026,-112216.0,,775.0,,,,
10:12:02.032,-112226.0,,775.0,,,,
10:12:02.038,-112233.0,,765.0,,,,
10:12:02.043,-112224.0,,767.0,,,,
10:12:02.048,-112236.0,,767.0,,,,
10:12:02.055,-112247.0,,776.0,,,,
10:12:02.061,-112270.0,,765.0,,,,
10:12:02.066,-112268.0,,765.0,,,,
10:12:02.071,-112283.0,,767.0,,,,
10:12:02.076,-112281.0,,776.0,,,,
10:12:02.081,-112304.0,,766.0,,,,
10:12:02.086,-112313.0,,777.0,,,,
10:12:02.092,-112297.0,,778.0,,,,
10:12:02.097,-112329.0,,777.0,,,,
10:12:02.104,-112345.0,,775.0,,,,
10:12:02.110,-112356.0,,777.0,,,,
10:12:02.118,-112342.0,,777.0,,,,
10:12:02.125,-112335.0,,777.0,,,,
10:12:02.133,-112352.0,,775.0,,,,
10:12:02.139,-112346.0,,776.0,,,,
10:12:02.146,-112345.0,,777.0,,,,
10:12:02.154,-112342.0,,778.0,,,,
10:12:02.160,-112326.0,,767.0,,,,
10:12:02.166,-112324.0,,775.0,,,,
10:12:02.172,-112306.0,,776.0,,,,
10:12:02.177,-112281.0,,775.0,,,,
10:12:02.183,-112285.0,,766.0,,,,
10:12:02.189,-112245.0,,767.0,,,,
10:12:02.194,-112232.0,,775.0,,,,
10:12:02.199,-112206.0,,780.0,,,,
10:12:02.204,-112167.0,,776.0,,,,
10:12:02.208,-112165.0,,778.0,,,,
10:12:02.214,-112131.0,,778.0,,,,
10:12:02.218,-112075.0,,767.0,,,,
10:12:02.223,-112048.0,,767.0,,,,
10:12:02.228,-112022.0,,768.0,,,,
10:12:02.233,-111978.0,,776.0,,,,
10:12:02.238,-111954.0,,765.0,,,,
10:12:02.243,-111933.0,,764.0,,,,
10:12:02.248,-111918.0,,765.0,,,,
10:12:02.253,-111902.0,,766.0,,,,
10:12:02.258,-111886.0,,767.0,,,,
10:12:02.264,-111846.0,,764.0,,,,
10:12:02.270,-111818.0,,766.0,,,,
10:12:02.274,-111832.0,,767.0,,,,
10:12:02.279,-111828.0,,766.0,,,,
10:12:02.283,-111810.0,,764.0,,,,
10:12:02.288,-111822.0,,765.0,,,,
10:12:02.292,-111813.0,,765.0,,,,
10:12:02.299,-111805.0,,767.0,,,,
10:12:02.304,-111802.0,,764.0,,,,
10:12:02.308,-111797.0,,764.0,,,,
10:12:02.312,-111772.0,,773.0,,,,
10:12:02.316,-111793.0,,767.0,,,,
10:12:02.321,-111769.0,,765.0,,,,
10:12:02.328,-111787.0,,774.0,,,,
10:12:02.337,-111777.0,,776.0,,,,
10:12:02.342,-111783.0,,767.0,,,,
10:12:02.350,-111785.0,,766.0,,,,
10:12:02.355,-111790.0,,768.0,,,,
10:12:02.360,-111782.0,,776.0,,,,
10:12:02.365,-111781.0,,775.0,,,,
10:12:02.371,-111771.0,,766.0,,,,
10:12:02.375,-111774.0,,775.0,,,,
10:12:02.382,-111768.0,,777.0,,,,
10:12:02.388,-111790.0,,768.0,,,,
10:12:02.392,-111765.0,,767.0,,,,
10:12:02.397,-111766.0,,775.0,,,,
10:12:02.401,-111769.0,,781.0,,,,
10:12:02.407,-111768.0,,778.0,,,,
10:12:02.411,-111767.0,,777.0,,,,
10:12:02.416,-111767.0,,779.0,,,,
10:12:02.421,-111779.0,,779.0,,,,
10:12:02.425,-111767.0,,777.0,,,,
10:12:02.429,-111761.0,,777.0,,,,
10:12:02.433,-111758.0,,777.0,,,,
10:12:02.437,-111753.0,,778.0,,,,
10:12:02.441,-111768.0,,778.0,,,,
10:12:02.445,-111781.0,,776.0,,,,
10:12:02.450,-111789.0,,776.0,,,,
10:12:02.454,-111789.0,,792.0,,,,
10:12:02.459,-111775.0,,776.0,,,,
10:12:02.464,-111810.0,,766.0,,,,
10:12:02.469,-111779.0,,763.0,,,,
10:12:02.474,-111794.0,,759.0,,,,
10:12:02.479,-111797.0,,761.0,,,,
10:12:02.483,-111775.0,,764.0,,,,
10:12:02.488,-111769.0,,766.0,,,,
10:12:02.493,-111762.0,,776.0,,,,
10:12:02.498,-111770.0,,767.0,,,,
10:12:02.502,-111780.0,,767.0,,,,
10:12:02.508,-111768.0,,777.0,,,,
10:12:02.512,-111767.0,,777.0,,,,
10:12:02.517,-111758.0,,778.0,,,,
10:12:02.523,-111744.0,,776.0,,,,
10:12:02.528,-111737.0,,776.0,,,,
10:12:02.534,-111742.0,,778.0,,,,
10:12:02.539,-111731.0,,775.0,,,,
10:12:02.544,-111710.0,,766.0,,,,
10:12:02.551,-111715.0,,776.0,,,,
10:12:02.556,-111705.0,,777.0,,,,
10:12:02.563,-111696.0,,767.0,,,,
10:12:02.567,-111692.0,,766.0,,,,
10:12:02.572,-111692.0,,775.0,,,,
10:12:02.577,-111690.0,,765.0,,,,
10:12:02.584,-111686.0,,767.0,,,,
10:12:02.593,-111665.0,,766.0,,,,
10:12:02.600,-111675.0,,781.0,,,,
10:12:02.605,-111675.0,,778.0,,,,
10:12:02.611,-111670.0,,777.0,,,,
10:12:02.615,-111666.0,,776.0,,,,
10:12:02.620,-111665.0,,777.0,,,,
10:12:02.625,-111656.0,,778.0,,,,
10:12:02.631,-111654.0,,776.0,,,,
10:12:02.638,-111651.0,,777.0,,,,
10:12:02.645,-111661.0,,777.0,,,,
10:12:02.649,-111658.0,,777.0,,,,
10:12:02.655,-111656.0,,775.0,,,,
10:12:02.660,-111696.0,,768.0,,,,
10:12:02.665,-111676.0,,777.0,,,,
10:12:02.670,-111692.0,,775.0,,,,
10:12:02.674,-111693.0,,766.0,,,,
10:12:02.679,-111711.0,,767.0,,,,
10:12:02.683,-111702.0,,768.0,,,,
10:12:02.688,-111716.0,,777.0,,,,
10:12:02.692,-111728.0,,767.0,,,,
10:12:02.697,-111751.0,,775.0,,,,
10:12:02.702,-111760.0,,776.0,,,,
10:12:02.706,-111780.0,,776.0,,,,
10:12:02.710,-111767.0,,767.0,,,,
10:12:02.716,-111767.0,,765.0,,,,
10:12:02.720,-111792.0,,775.0,,,,
10:12:02.725,-111789.0,,766.0,,,,
10:12:02.729,-111802.0,,765.0,,,,
10:12:02.734,-111790.0,,765.0,,,,
10:12:02.739,-111807.0,,765.0,,,,
10:12:02.743,-111809.0,,767.0,,,,
10:12:02.748,-111821.0,,765.0,,,,
10:12:02.752,-111822.0,,766.0,,,,
10:12:02.756,-111823.0,,767.0,,,,
10:12:02.760,-111852.0,,767.0,,,,
10:12:02.765,-111854.0,,767.0,,,,
10:12:02.771,-111867.0,,776.0,,,,
10:12:02.775,-111870.0,,767.0,,,,
10:12:02.781,-111884.0,,777.0,,,,
10:12:02.786,-111863.0,,765.0,,,,
10:12:02.791,-111878.0,,780.0,,,,
10:12:02.798,-111890.0,,779.0,,,,
10:12:02.805,-111892.0,,778.0,,,,
10:12:02.811,-111881.0,,776.0,,,,
10:12:02.818,-111867.0,,775.0,,,,
10:12:02.824,-111893.0,,778.0,,,,
10:12:02.832,-111897.0,,777.0,,,,
10:12:02.840,-111886.0,,776.0,,,,
10:12:02.846,-111897.0,,777.0,,,,
10:12:02.851,-111914.0,,778.0,,,,
10:12:02.858,-111909.0,,777.0,,,,
10:12:02.864,-111931.0,,776.0,,,,
10:12:02.870,-111907.0,,776.0,,,,
10:12:02.875,-111927.0,,776.0,,,,
10:12:02.880,-111914.0,,776.0,,,,
10:12:02.886,-111921.0,,767.0,,,,
10:12:02.894,-111938.0,,776.0,,,,
10:12:02.899,-111930.0,,776.0,,,,
10:12:02.904,-111966.0,,776.0,,,,
10:12:02.910,-111972.0,,767.0,,,,
10:12:02.915,-111962.0,,773.0,,,,
10:12:02.920,-111981.0,,776.0,,,,
10:12:02.925,-111979.0,,768.0,,,,
10:12:02.931,-111967.0,,765.0,,,,
10:12:02.937,-111997.0,,776.0,,,,
10:12:02.941,-111991.0,,777.0,,,,
10:12:02.946,-111986.0,,775.0,,,,
10:12:02.951,-111985.0,,768.0,,,,
10:12:02.956,-111985.0,,766.0,,,,
10:12:02.962,-111975.0,,767.0,,,,
10:12:02.967,-111982.0,,776.0,,,,
10:12:02.973,-111992.0,,775.0,,,,
10:12:02.979,-111979.0,,776.0,,,,
10:12:02.985,-111991.0,,768.0,,,,
10:12:02.991,-112000.0,,776.0,,,,
10:12:02.997,-111983.0,,766.0,,,,
10:12:03.004,-111993.0,,767.0,,,,
10:12:03.011,-112013.0,,775.0,,,,
10:12:03.017,-111992.0,,766.0,,,,
10:12:03.024,-112011.0,,778.0,,,,
10:12:03.031,-112001.0,,778.0,,,,
10:12:03.037,-111998.0,,777.0,,,,
10:12:03.044,-112004.0,,777.0,,,,
10:12:03.051,-111991.0,,774.0,,,,
10:12:03.057,-111990.0,,777.0,,,,
10:12:03.063,-111999.0,,776.0,,,,
10:12:03.068,-112006.0,,776.0,,,,
10:12:03.073,-111997.0,,775.0,,,,
10:12:03.080,-112005.0,,767.0,,,,
10:12:03.087,-112015.0,,768.0,,,,
10:12:03.092,-112021.0,,768.0,,,,
10:12:03.098,-112014.0,,765.0,,,,
10:12:03.104,-111998.0,,765.0,,,,
10:12:03.110,-111991.0,,765.0,,,,
10:12:03.117,-112003.0,,775.0,,,,
10:12:03.124,-111978.0,,764.0,,,,
10:12:03.130,-111973.0,,767.0,,,,
10:12:03.136,-111948.0,,776.0,,,,
10:12:03.141,-111937.0,,776.0,,,,
10:12:03.147,-111902.0,,766.0,,,,
10:12:03.151,-111894.0,,766.0,,,,
10:12:03.156,-111848.0,,766.0,,,,
10:12:03.161,-111819.0,,765.0,,,,
10:12:03.166,-111816.0,,763.0,,,,
10:12:03.170,-111773.0,,762.0,,,,
10:12:03.175,-111739.0,,764.0,,,,
10:12:03.180,-111701.0,,764.0,,,,
10:12:03.184,-111659.0,,762.0,,,,
10:12:03.189,-111642.0,,762.0,,,,
10:12:03.196,-111614.0,,762.0,,,,
10:12:03.203,-111593.0,,762.0,,,,
10:12:03.212,-111549.0,,761.0,,,,
10:12:03.222,-111507.0,,763.0,,,,
10:12:03.229,-111489.0,,763.0,,,,
10:12:03.237,-111483.0,,762.0,,,,
10:12:03.247,-111450.0,,759.0,,,,
10:12:03.257,-111425.0,,762.0,,,,
10:12:03.265,-111408.0,,764.0,,,,
10:12:03.272,-111406.0,,762.0,,,,
10:12:03.279,-111364.0,,766.0,,,,
10:12:03.286,-111369.0,,767.0,,,,
10:12:03.290,-111365.0,,767.0,,,,
10:12:03.295,-111335.0,,764.0,,,,
10:12:03.300,-111344.0,,763.0,,,,
10:12:03.305,-111333.0,,763.0,,,,
10:12:03.312,-111324.0,,762.0,,,,
10:12:03.321,-111314.0,,768.0,,,,
10:12:03.328,-111280.0,,764.0,,,,
10:12:03.334,-111294.0,,764.0,,,,
10:12:03.338,-111271.0,,767.0,,,,
10:12:03.345,-111317.0,,767.0,,,,
10:12:03.349,-111297.0,,767.0,,,,
10:12:03.353,-111303.0,,767.0,,,,
10:12:03.357,-111294.0,,766.0,,,,
10:12:03.361,-111291.0,,766.0,,,,
10:12:03.366,-111300.0,,766.0,,,,
10:12:03.371,-111313.0,,765.0,,,,
10:12:03.375,-111330.0,,766.0,,,,
10:12:03.380,-111322.0,,766.0,,,,
10:12:03.385,-111325.0,,764.0,,,,
10:12:03.390,-111324.0,,765.0,,,,
10:12:03.395,-111321.0,,765.0,,,,
10:12:03.399,-111325.0,,765.0,,,,
10:12:03.404,-111347.0,,763.0,,,,
10:12:03.408,-111337.0,,774.0,,,,
10:12:03.414,-111350.0,,775.0,,,,
10:12:03.418,-111334.0,,765.0,,,,
10:12:03.423,-111334.0,,763.0,,,,
10:12:03.428,-111334.0,,767.0,,,,
10:12:03.432,-111342.0,,766.0,,,,
10:12:03.437,-111363.0,,778.0,,,,
10:12:03.442,-111346.0,,765.0,,,,
10:12:03.447,-111348.0,,766.0,,,,
10:12:03.452,-111339.0,,768.0,,,,
10:12:03.457,-111317.0,,767.0,,,,
10:12:03.461,-111360.0,,776.0,,,,
10:12:03.465,-111355.0,,768.0,,,,
10:12:03.470,-111355.0,,774.0,,,,
10:12:03.475,-111343.0,,767.0,,,,
10:12:03.479,-111329.0,,780.0,,,,
10:12:03.484,-111340.0,,780.0,,,,
10:12:03.489,-111333.0,,779.0,,,,
10:12:03.494,-111308.0,,778.0,,,,
10:12:03.499,-111301.0,,777.0,,,,
10:12:03.504,-111302.0,,777.0,,,,
10:12:03.508,-111287.0,,777.0,,,,
10:12:03.514,-111267.0,,778.0,,,,
10:12:03.521,-111264.0,,775.0,,,,
10:12:03.527,-111262.0,,777.0,,,,
10:12:03.533,-111262.0,,776.0,,,,
10:12:03.539,-111263.0,,768.0,,,,
10:12:03.543,-111258.0,,766.0,,,,
10:12:03.549,-111228.0,,768.0,,,,
10:12:03.557,-111229.0,,767.0,,,,
10:12:03.562,-111243.0,,768.0,,,,
10:12:03.567,-111244.0,,766.0,,,,
10:12:03.573,-111264.0,,777.0,,,,
10:12:03.579,-111261.0,,768.0,,,,
10:12:03.583,-111262.0,,765.0,,,,
10:12:03.589,-111263.0,,765.0,,,,
10:12:03.594,-111250.0,,776.0,,,,
10:12:03.600,-111254.0,,767.0,,,,
10:12:03.605,-111270.0,,766.0,,,,
10:12:03.610,-111279.0,,766.0,,,,
10:12:03.616,-111285.0,,766.0,,,,
10:12:03.621,-111284.0,,767.0,,,,
10:12:03.625,-111261.0,,766.0,,,,
10:12:03.632,-111278.0,,765.0,,,,
10:12:03.637,-111292.0,,766.0,,,,
10:12:03.641,-111289.0,,767.0,,,,
10:12:03.647,-111290.0,,766.0,,,,
10:12:03.653,-111300.0,,766.0,,,,
10:12:03.658,-111301.0,,776.0,,,,
10:12:03.663,-111311.0,,767.0,,,,
10:12:03.667,-111317.0,,767.0,,,,
10:12:03.672,-111324.0,,773.0,,,,
10:12:03.676,-111316.0,,768.0,,,,
10:12:03.681,-111348.0,,767.0,,,,
10:12:03.687,-111327.0,,777.0,,,,
10:12:03.694,-111339.0,,777.0,,,,
10:12:03.699,-111342.0,,777.0,,,,
10:12:03.705,-111338.0,,776.0,,,,
10:12:03.712,-111349.0,,768.0,,,,
10:12:03.719,-111360.0,,776.0,,,,
10:12:03.724,-111354.0,,767.0,,,,
10:12:03.731,-111363.0,,776.0,,,,
10:12:03.736,-111351.0,,766.0,,,,
10:12:03.742,-111359.0,,766.0,,,,
10:12:03.747,-111354.0,,767.0,,,,
10:12:03.752,-111383.0,,767.0,,,,
10:12:03.757,-111405.0,,775.0,,,,
10:12:03.762,-111414.0,,765.0,,,,
10:12:03.766,-111401.0,,775.0,,,,
10:12:03.772,-111414.0,,767.0,,,,
10:12:03.779,-111433.0,,773.0,,,,
10:12:03.785,-111426.0,,767.0,,,,
10:12:03.789,-111453.0,,774.0,,,,
10:12:03.794,-111451.0,,767.0,,,,
10:12:03.799,-111469.0,,765.0,,,,
10:12:03.803,-111480.0,,765.0,,,,
10:12:03.808,-111484.0,,765.0,,,,
10:12:03.815,-111484.0,,765.0,,,,
10:12:03.820,-111484.0,,766.0,,,,
10:12:03.824,-111500.0,,765.0,,,,
10:12:03.829,-111514.0,,767.0,,,,
10:12:03.833,-111491.0,,767.0,,,,
10:12:03.838,-111489.0,,774.0,,,,
10:12:03.843,-111510.0,,765.0,,,,
10:12:03.848,-111506.0,,766.0,,,,
10:12:03.853,-111527.0,,776.0,,,,
10:12:03.859,-111515.0,,764.0,,,,
10:12:03.863,-111503.0,,763.0,,,,
10:12:03.868,-111517.0,,767.0,,,,
10:12:03.872,-111535.0,,775.0,,,,
10:12:03.876,-111532.0,,766.0,,,,
10:12:03.881,-111537.0,,766.0,,,,
10:12:03.887,-111544.0,,777.0,,,,
10:12:03.891,-111535.0,,766.0,,,,
10:12:03.895,-111549.0,,776.0,,,,
10:12:03.899,-111548.0,,774.0,,,,
10:12:03.904,-111558.0,,777.0,,,,
10:12:03.909,-111543.0,,768.0,,,,
10:12:03.913,-111556.0,,765.0,,,,
10:12:03.918,-111552.0,,766.0,,,,
10:12:03.922,-111553.0,,768.0,,,,
10:12:03.927,-111565.0,,767.0,,,,
10:12:03.931,-111560.0,,766.0,,,,
10:12:03.936,-111556.0,,765.0,,,,
10:12:03.940,-111569.0,,766.0,,,,
10:12:03.944,-111570.0,,767.0,,,,
10:12:03.948,-111569.0,,766.0,,,,
10:12:03.952,-111582.0,,766.0,,,,
10:12:03.956,-111584.0,,767.0,,,,
10:12:03.962,-111596.0,,765.0,,,,
10:12:03.966,-111625.0,,764.0,,,,
10:12:03.970,-111636.0,,767.0,,,,
10:12:03.974,-111629.0,,768.0,,,,
10:12:03.979,-111640.0,,767.0,,,,
10:12:03.983,-111651.0,,766.0,,,,
10:12:03.987,-111664.0,,767.0,,,,
10:12:03.991,-111679.0,,766.0,,,,
10:12:03.996,-111677.0,,767.0,,,,
10:12:04.001,-111689.0,,764.0,,,,
10:12:04.006,-111683.0,,776.0,,,,
10:12:04.011,-111672.0,,775.0,,,,
10:12:04.015,-111675.0,,767.0,,,,
10:12:04.020,-111693.0,,765.0,,,,
10:12:04.025,-111699.0,,767.0,,,,
10:12:04.030,-111717.0,,767.0,,,,
10:12:04.034,-111723.0,,765.0,,,,
10:12:04.038,-111699.0,,764.0,,,,
10:12:04.042,-111721.0,,767.0,,,,
10:12:04.047,-111744.0,,776.0,,,,
10:12:04.050,-111717.0,,776.0,,,,
10:12:04.055,-111730.0,,775.0,,,,
10:12:04.059,-111741.0,,775.0,,,,
10:12:04.064,-111736.0,,775.0,,,,
10:12:04.068,-111734.0,,780.0,,,,
10:12:04.073,-111735.0,,778.0,,,,
10:12:04.079,-111740.0,,777.0,,,,
10:12:04.083,-111729.0,,778.0,,,,
10:12:04.088,-111721.0,,776.0,,,,
10:12:04.092,-111710.0,,766.0,,,,
10:12:04.097,-111709.0,,776.0,,,,
10:12:04.102,-111662.0,,766.0,,,,
10:12:04.107,-111639.0,,766.0,,,,
10:12:04.112,-111617.0,,767.0,,,,
10:12:04.117,-111597.0,,776.0,,,,
10:12:04.122,-111574.0,,766.0,,,,
10:12:04.126,-111544.0,,778.0,,,,
10:12:04.131,-111522.0,,766.0,,,,
10:12:04.137,-111485.0,,767.0,,,,
10:12:04.142,-111464.0,,779.0,,,,
10:12:04.147,-111426.0,,767.0,,,,
10:12:04.152,-111415.0,,764.0,,,,
10:12:04.157,-111388.0,,766.0,,,,
10:12:04.161,-111368.0,,767.0,,,,
10:12:04.166,-111346.0,,766.0,,,,
10:12:04.170,-111311.0,,765.0,,,,
10:12:04.175,-111312.0,,766.0,,,,
10:12:04.179,-111274.0,,764.0,,,,
10:12:04.184,-111278.0,,765.0,,,,
10:12:04.188,-111253.0,,765.0,,,,
10:12:04.193,-111242.0,,763.0,,,,
10:12:04.197,-111216.0,,765.0,,,,
10:12:04.206,-111197.0,,765.0,,,,
10:12:04.215,-111204.0,,764.0,,,,
10:12:04.221,-111189.0,,765.0,,,,
10:12:04.228,-111182.0,,765.0,,,,
10:12:04.234,-111164.0,,764.0,,,,
10:12:04.242,-111170.0,,765.0,,,,
10:12:04.247,-111154.0,,766.0,,,,
10:12:04.255,-111154.0,,765.0,,,,
10:12:04.259,-111159.0,,763.0,,,,
10:12:04.264,-111154.0,,776.0,,,,
10:12:04.270,-111164.0,,762.0,,,,
10:12:04.274,-111159.0,,767.0,,,,
10:12:04.278,-111148.0,,775.0,,,,
10:12:04.284,-111149.0,,766.0,,,,
10:12:04.290,-111138.0,,779.0,,,,
10:12:04.299,-111129.0,,776.0,,,,
10:12:04.308,-111144.0,,767.0,,,,
10:12:04.314,-111121.0,,766.0,,,,
10:12:04.324,-111130.0,,768.0,,,,
10:12:04.332,-111134.0,,766.0,,,,
10:12:04.338,-111129.0,,766.0,,,,
10:12:04.344,-111120.0,,765.0,,,,
10:12:04.354,-111135.0,,765.0,,,,
10:12:04.360,-111131.0,,765.0,,,,
10:12:04.366,-111131.0,,765.0,,,,
10:12:04.372,-111119.0,,763.0,,,,
10:12:04.381,-111133.0,,763.0,,,,
10:12:04.388,-111158.0,,765.0,,,,
10:12:04.393,-111146.0,,764.0,,,,
10:12:04.400,-111170.0,,763.0,,,,
10:12:04.405,-111172.0,,765.0,,,,
10:12:04.410,-111171.0,,774.0,,,,
10:12:04.415,-111176.0,,766.0,,,,
10:12:04.421,-111174.0,,766.0,,,,
10:12:04.425,-111191.0,,768.0,,,,
10:12:04.431,-111208.0,,776.0,,,,
10:12:04.435,-111208.0,,775.0,,,,
10:12:04.440,-111185.0,,777.0,,,,
10:12:04.445,-111191.0,,776.0,,,,
10:12:04.450,-111186.0,,778.0,,,,
10:12:04.455,-111182.0,,777.0,,,,
10:12:04.460,-111173.0,,775.0,,,,
10:12:04.466,-111175.0,,776.0,,,,
10:12:04.471,-111157.0,,777.0,,,,
10:12:04.477,-111151.0,,775.0,,,,
10:12:04.483,-111128.0,,776.0,,,,
10:12:04.489,-111125.0,,777.0,,,,
10:12:04.496,-111126.0,,777.0,,,,
10:12:04.501,-111129.0,,776.0,,,,
10:12:04.507,-111122.0,,767.0,,,,
10:12:04.513,-111101.0,,780.0,,,,
10:12:04.521,-111090.0,,780.0,,,,
10:12:04.529,-111084.0,,778.0,,,,
10:12:04.537,-111069.0,,775.0,,,,
10:12:04.544,-111071.0,,778.0,,,,
10:12:04.549,-111050.0,,777.0,,,,
10:12:04.557,-111052.0,,777.0,,,,
10:12:04.562,-111047.0,,768.0,,,,
10:12:04.571,-111038.0,,777.0,,,,
10:12:04.578,-111020.0,,776.0,,,,
10:12:04.587,-111042.0,,777.0,,,,
10:12:04.594,-111048.0,,767.0,,,,
10:12:04.599,-111050.0,,767.0,,,,
10:12:04.605,-111055.0,,775.0,,,,
10:12:04.612,-111045.0,,776.0,,,,
10:12:04.617,-111050.0,,775.0,,,,
10:12:04.624,-111045.0,,777.0,,,,
10:12:04.630,-111066.0,,768.0,,,,
10:12:04.635,-111078.0,,780.0,,,,
10:12:04.640,-111041.0,,776.0,,,,
10:12:04.645,-111069.0,,762.0,,,,
10:12:04.649,-111072.0,,760.0,,,,
10:12:04.655,-111085.0,,750.0,,,,
10:12:04.659,-111106.0,,759.0,,,,
10:12:04.663,-111109.0,,762.0,,,,
10:12:04.667,-111115.0,,762.0,,,,
10:12:04.671,-111119.0,,763.0,,,,
10:12:04.675,-111107.0,,762.0,,,,
10:12:04.680,-111113.0,,765.0,,,,
10:12:04.684,-111147.0,,765.0,,,,
10:12:04.689,-111138.0,,763.0,,,,
10:12:04.695,-111154.0,,762.0,,,,
10:12:04.700,-111150.0,,763.0,,,,
10:12:04.705,-111141.0,,764.0,,,,
10:12:04.709,-111151.0,,763.0,,,,
10:12:04.714,-111142.0,,762.0,,,,
10:12:04.719,-111162.0,,764.0,,,,
10:12:04.723,-111164.0,,763.0,,,,
10:12:04.729,-111162.0,,760.0,,,,
10:12:04.733,-111139.0,,761.0,,,,
10:12:04.737,-111155.0,,775.0,,,,
10:12:04.741,-111154.0,,767.0,,,,
10:12:04.746,-111136.0,,765.0,,,,
10:12:04.750,-111155.0,,764.0,,,,
10:12:04.755,-111135.0,,775.0,,,,
10:12:04.759,-111158.0,,765.0,,,,
10:12:04.764,-111134.0,,768.0,,,,
10:12:04.768,-111154.0,,764.0,,,,
10:12:04.773,-111134.0,,765.0,,,,
10:12:04.777,-111146.0,,765.0,,,,
10:12:04.781,-111140.0,,764.0,,,,
10:12:04.786,-111153.0,,763.0,,,,
10:12:04.790,-111153.0,,765.0,,,,
10:12:04.795,-111142.0,,766.0,,,,
10:12:04.800,-111156.0,,763.0,,,,
10:12:04.804,-111154.0,,764.0,,,,
10:12:04.809,-111165.0,,766.0,,,,
10:12:04.814,-111161.0,,765.0,,,,
10:12:04.820,-111171.0,,764.0,,,,
10:12:04.824,-111167.0,,764.0,,,,
10:12:04.829,-111188.0,,765.0,,,,
10:12:04.835,-111199.0,,767.0,,,,
10:12:04.840,-111178.0,,773.0,,,,
10:12:04.845,-111205.0,,767.0,,,,
10:12:04.849,-111206.0,,767.0,,,,
10:12:04.853,-111200.0,,776.0,,,,
10:12:04.857,-111183.0,,766.0,,,,
10:12:04.862,-111181.0,,766.0,,,,
10:12:04.866,-111193.0,,776.0,,,,
10:12:04.872,-111190.0,,776.0,,,,
10:12:04.877,-111185.0,,775.0,,,,
10:12:04.882,-111165.0,,768.0,,,,
10:12:04.887,-111148.0,,778.0,,,,
10:12:04.892,-111123.0,,777.0,,,,
10:12:04.897,-111132.0,,776.0,,,,
10:12:04.903,-111092.0,,776.0,,,,
10:12:04.910,-111084.0,,768.0,,,,
10:12:04.915,-111065.0,,777.0,,,,
10:12:04.921,-111049.0,,767.0,,,,
10:12:04.925,-111048.0,,780.0,,,,
10:12:04.931,-111027.0,,778.0,,,,
10:12:04.937,-111015.0,,777.0,,,,
10:12:04.942,-110991.0,,777.0,,,,
10:12:04.949,-110966.0,,776.0,,,,
10:12:04.955,-110952.0,,777.0,,,,
10:12:04.962,-110924.0,,777.0,,,,
10:12:04.970,-110902.0,,767.0,,,,
10:12:04.978,-110870.0,,767.0,,,,
10:12:04.987,-110854.0,,777.0,,,,
10:12:04.996,-110851.0,,778.0,,,,
10:12:05.004,-110850.0,,776.0,,,,
10:12:05.011,-110824.0,,767.0,,,,
10:12:05.020,-110799.0,,775.0,,,,
10:12:05.029,-110765.0,,775.0,,,,
10:12:05.037,-110766.0,,775.0,,,,
10:12:05.041,-110782.0,,776.0,,,,
10:12:05.046,-110772.0,,777.0,,,,
10:12:05.050,-110745.0,,776.0,,,,
10:12:05.057,-110736.0,,775.0,,,,
10:12:05.064,-110729.0,,775.0,,,,
10:12:05.072,-110730.0,,775.0,,,,
10:12:05.077,-110721.0,,775.0,,,,
10:12:05.083,-110727.0,,767.0,,,,
10:12:05.088,-110703.0,,767.0,,,,
10:12:05.096,-110694.0,,775.0,,,,
10:12:05.103,-110677.0,,777.0,,,,
10:12:05.110,-110669.0,,775.0,,,,
10:12:05.118,-110652.0,,776.0,,,,
10:12:05.125,-110655.0,,776.0,,,,
10:12:05.131,-110649.0,,776.0,,,,
10:12:05.139,-110644.0,,775.0,,,,
10:12:05.150,-110618.0,,775.0,,,,
10:12:05.158,-110603.0,,777.0,,,,
10:12:05.166,-110591.0,,768.0,,,,
10:12:05.174,-110571.0,,776.0,,,,
10:12:05.182,-110572.0,,776.0,,,,
10:12:05.187,-110544.0,,778.0,,,,
10:12:05.195,-110518.0,,777.0,,,,
10:12:05.202,-110503.0,,780.0,,,,
10:12:05.210,-110463.0,,779.0,,,,
10:12:05.217,-110413.0,,779.0,,,,
10:12:05.226,-110394.0,,779.0,,,,
10:12:05.239,-110368.0,,778.0,,,,
10:12:05.247,-110319.0,,778.0,,,,
10:12:05.257,-110273.0,,778.0,,,,
10:12:05.265,-110225.0,,778.0,,,,
10:12:05.272,-110157.0,,776.0,,,,
10:12:05.278,-110119.0,,777.0,,,,
10:12:05.284,-110060.0,,777.0,,,,
10:12:05.290,-110030.0,,776.0,,,,
10:12:05.296,-109996.0,,775.0,,,,
10:12:05.302,-109936.0,,776.0,,,,
10:12:05.309,-109893.0,,777.0,,,,
10:12:05.316,-109867.0,,767.0,,,,
10:12:05.324,-109827.0,,767.0,,,,
10:12:05.330,-109815.0,,766.0,,,,
10:12:05.336,-109788.0,,765.0,,,,
10:12:05.343,-109750.0,,767.0,,,,
10:12:05.349,-109735.0,,766.0,,,,
10:12:05.355,-109690.0,,766.0,,,,
10:12:05.362,-109684.0,,775.0,,,,
10:12:05.369,-109663.0,,767.0,,,,
10:12:05.376,-109628.0,,764.0,,,,
10:12:05.383,-109625.0,,767.0,,,,
10:12:05.389,-109624.0,,768.0,,,,
10:12:05.396,-109580.0,,768.0,,,,
10:12:05.403,-109596.0,,765.0,,,,
10:12:05.407,-109549.0,,766.0,,,,
10:12:05.415,-109572.0,,776.0,,,,
10:12:05.419,-109547.0,,765.0,,,,
10:12:05.426,-109532.0,,764.0,,,,
10:12:05.434,-109522.0,,765.0,,,,
10:12:05.441,-109490.0,,767.0,,,,
10:12:05.449,-109480.0,,766.0,,,,
10:12:05.456,-109470.0,,765.0,,,,
10:12:05.463,-109470.0,,765.0,,,,
10:12:05.469,-109423.0,,775.0,,,,
10:12:05.476,-109414.0,,768.0,,,,
10:12:05.483,-109409.0,,778.0,,,,
10:12:05.490,-109383.0,,778.0,,,,
10:12:05.497,-109384.0,,777.0,,,,
10:12:05.502,-109365.0,,775.0,,,,
10:12:05.509,-109345.0,,768.0,,,,
10:12:05.517,-109347.0,,776.0,,,,
10:12:05.521,-109337.0,,777.0,,,,
10:12:05.528,-109336.0,,776.0,,,,
10:12:05.536,-109317.0,,776.0,,,,
10:12:05.543,-109326.0,,776.0,,,,
10:12:05.547,-109338.0,,767.0,,,,
10:12:05.553,-109349.0,,776.0,,,,
10:12:05.557,-109339.0,,765.0,,,,
10:12:05.561,-109348.0,,774.0,,,,
10:12:05.566,-109343.0,,766.0,,,,
10:12:05.570,-109350.0,,767.0,,,,
10:12:05.574,-109363.0,,765.0,,,,
10:12:05.580,-109355.0,,765.0,,,,
10:12:05.584,-109348.0,,767.0,,,,
10:12:05.589,-109320.0,,764.0,,,,
10:12:05.594,-109339.0,,765.0,,,,
10:12:05.599,-109321.0,,764.0,,,,
10:12:05.604,-109319.0,,765.0,,,,
10:12:05.609,-109303.0,,764.0,,,,
10:12:05.617,-109263.0,,764.0,,,,
10:12:05.625,-109272.0,,763.0,,,,
10:12:05.630,-109247.0,,765.0,,,,
10:12:05.637,-109220.0,,766.0,,,,
10:12:05.644,-109198.0,,764.0,,,,
10:12:05.651,-109202.0,,765.0,,,,
10:12:05.656,-109190.0,,765.0,,,,
10:12:05.664,-109161.0,,766.0,,,,
10:12:05.671,-109157.0,,765.0,,,,
10:12:05.679,-109142.0,,767.0,,,,
10:12:05.686,-109112.0,,766.0,,,,
10:12:05.692,-109100.0,,767.0,,,,
10:12:05.699,-109080.0,,766.0,,,,
10:12:05.706,-109079.0,,767.0,,,,
10:12:05.713,-109052.0,,779.0,,,,
10:12:05.719,-109045.0,,777.0,,,,
10:12:05.726,-109050.0,,774.0,,,,
10:12:05.731,-109024.0,,777.0,,,,
10:12:05.737,-109020.0,,777.0,,,,
10:12:05.743,-108990.0,,768.0,,,,
10:12:05.750,-108979.0,,767.0,,,,
10:12:05.757,-108976.0,,775.0,,,,
10:12:05.764,-108946.0,,777.0,,,,
10:12:05.770,-108957.0,,767.0,,,,
10:12:05.774,-108951.0,,765.0,,,,
10:12:05.779,-108952.0,,775.0,,,,
10:12:05.783,-108976.0,,766.0,,,,
10:12:05.788,-108966.0,,776.0,,,,
10:12:05.792,-108946.0,,765.0,,,,
10:12:05.797,-108955.0,,775.0,,,,
10:12:05.801,-108952.0,,775.0,,,,
10:12:05.806,-108945.0,,767.0,,,,
10:12:05.813,-108946.0,,766.0,,,,
10:12:05.817,-108953.0,,766.0,,,,
10:12:05.822,-108953.0,,767.0,,,,
10:12:05.827,-108975.0,,766.0,,,,
10:12:05.832,-108950.0,,766.0,,,,
10:12:05.838,-108963.0,,766.0,,,,
10:12:05.842,-108973.0,,775.0,,,,
10:12:05.846,-108999.0,,766.0,,,,
10:12:05.851,-108992.0,,764.0,,,,
10:12:05.857,-108992.0,,767.0,,,,
10:12:05.862,-108992.0,,767.0,,,,
10:12:05.866,-109014.0,,766.0,,,,
10:12:05.871,-109027.0,,765.0,,,,
10:12:05.876,-109009.0,,765.0,,,,
10:12:05.881,-109016.0,,767.0,,,,
10:12:05.888,-109031.0,,765.0,,,,
10:12:05.894,-109042.0,,764.0,,,,
10:12:05.899,-109042.0,,765.0,,,,
10:12:05.905,-109052.0,,766.0,,,,
10:12:05.911,-109052.0,,765.0,,,,
10:12:05.917,-109026.0,,765.0,,,,
10:12:05.923,-109045.0,,779.0,,,,
10:12:05.928,-109046.0,,778.0,,,,
10:12:05.933,-109052.0,,776.0,,,,
10:12:05.938,-109068.0,,776.0,,,,
10:12:05.943,-109069.0,,776.0,,,,
10:12:05.947,-109067.0,,775.0,,,,
10:12:05.952,-109072.0,,768.0,,,,
10:12:05.956,-109064.0,,767.0,,,,
10:12:05.961,-109075.0,,766.0,,,,
10:12:05.965,-109060.0,,767.0,,,,
10:12:05.969,-109076.0,,766.0,,,,
10:12:05.973,-109089.0,,765.0,,,,
10:12:05.977,-109092.0,,767.0,,,,
10:12:05.982,-109085.0,,765.0,,,,
10:12:05.987,-109094.0,,764.0,,,,
10:12:05.992,-109085.0,,764.0,,,,
10:12:05.997,-109119.0,,763.0,,,,
10:12:06.001,-109148.0,,766.0,,,,
10:12:06.006,-109155.0,,764.0,,,,
10:12:06.011,-109161.0,,765.0,,,,
10:12:06.015,-109183.0,,766.0,,,,
10:12:06.020,-109200.0,,767.0,,,,
10:12:06.025,-109207.0,,765.0,,,,
10:12:06.029,-109229.0,,764.0,,,,
10:12:06.034,-109216.0,,766.0,,,,
10:12:06.038,-109238.0,,766.0,,,,
10:12:06.042,-109242.0,,767.0,,,,
10:12:06.047,-109247.0,,765.0,,,,
10:12:06.051,-109258.0,,768.0,,,,
10:12:06.055,-109280.0,,776.0,,,,
10:12:06.059,-109284.0,,775.0,,,,
10:12:06.063,-109301.0,,776.0,,,,
10:12:06.067,-109297.0,,778.0,,,,
10:12:06.071,-109298.0,,777.0,,,,
10:12:06.076,-109305.0,,775.0,,,,
10:12:06.080,-109315.0,,767.0,,,,
10:12:06.084,-109315.0,,776.0,,,,
10:12:06.089,-109338.0,,776.0,,,,
10:12:06.094,-109343.0,,775.0,,,,
10:12:06.099,-109337.0,,779.0,,,,
10:12:06.103,-109356.0,,779.0,,,,
10:12:06.108,-109365.0,,778.0,,,,
10:12:06.113,-109366.0,,777.0,,,,
10:12:06.117,-109372.0,,775.0,,,,
10:12:06.124,-109383.0,,776.0,,,,
10:12:06.130,-109389.0,,776.0,,,,
10:12:06.135,-109373.0,,766.0,,,,
10:12:06.141,-109384.0,,767.0,,,,
10:12:06.146,-109382.0,,777.0,,,,
10:12:06.153,-109389.0,,777.0,,,,
10:12:06.159,-109414.0,,768.0,,,,
10:12:06.166,-109404.0,,767.0,,,,
10:12:06.171,-109422.0,,767.0,,,,
10:12:06.175,-109425.0,,768.0,,,,
10:12:06.179,-109438.0,,766.0,,,,
10:12:06.183,-109453.0,,765.0,,,,
10:12:06.188,-109473.0,,767.0,,,,
10:12:06.193,-109506.0,,766.0,,,,
10:12:06.198,-109491.0,,764.0,,,,
10:12:06.202,-109499.0,,764.0,,,,
10:12:06.207,-109532.0,,773.0,,,,
10:12:06.212,-109540.0,,767.0,,,,
10:12:06.216,-109542.0,,766.0,,,,
10:12:06.220,-109545.0,,765.0,,,,
10:12:06.224,-109555.0,,767.0,,,,
10:12:06.229,-109556.0,,774.0,,,,
10:12:06.233,-109578.0,,767.0,,,,
10:12:06.238,-109574.0,,767.0,,,,
10:12:06.242,-109586.0,,776.0,,,,
10:12:06.247,-109588.0,,775.0,,,,
10:12:06.254,-109564.0,,767.0,,,,
10:12:06.258,-109547.0,,767.0,,,,
10:12:06.263,-109543.0,,766.0,,,,
10:12:06.270,-109505.0,,768.0,,,,
10:12:06.275,-109474.0,,766.0,,,,
10:12:06.281,-109455.0,,766.0,,,,
10:12:06.288,-109440.0,,767.0,,,,
10:12:06.295,-109392.0,,775.0,,,,
10:12:06.302,-109355.0,,766.0,,,,
10:12:06.309,-109309.0,,778.0,,,,
10:12:06.314,-109276.0,,777.0,,,,
10:12:06.320,-109248.0,,777.0,,,,
10:12:06.328,-109198.0,,775.0,,,,
10:12:06.334,-109176.0,,778.0,,,,
10:12:06.341,-109144.0,,778.0,,,,
10:12:06.347,-109113.0,,777.0,,,,
10:12:06.353,-109063.0,,776.0,,,,
10:12:06.358,-109056.0,,777.0,,,,
10:12:06.364,-109040.0,,777.0,,,,
10:12:06.371,-108998.0,,778.0,,,,
10:12:06.377,-109005.0,,775.0,,,,
10:12:06.381,-108990.0,,777.0,,,,
10:12:06.385,-108983.0,,777.0,,,,
10:12:06.389,-108973.0,,778.0,,,,
10:12:06.393,-108988.0,,775.0,,,,
10:12:06.397,-108975.0,,776.0,,,,
10:12:06.401,-108985.0,,776.0,,,,
10:12:06.405,-108985.0,,776.0,,,,
10:12:06.409,-108967.0,,776.0,,,,
10:12:06.414,-108992.0,,776.0,,,,
10:12:06.418,-109003.0,,777.0,,,,
10:12:06.422,-109002.0,,777.0,,,,
10:12:06.426,-109002.0,,775.0,,,,
10:12:06.430,-109010.0,,776.0,,,,
10:12:06.434,-109003.0,,777.0,,,,
10:12:06.441,-109003.0,32.06771235496976,777.0,80.64516129032258,-0.6778360231762672,-0.07344562460182881,0.0
10:12:06.468,-109012.0,,776.0,,,,
10:12:06.484,-109006.0,,768.0,,,,
10:12:06.489,-109007.0,,775.0,,,,
10:12:06.493,-109030.0,,776.0,,,,
10:12:06.499,-109012.0,,768.0,,,,
10:12:06.505,-109008.0,,768.0,,,,
10:12:06.509,-109032.0,,766.0,,,,
10:12:06.514,-109015.0,,777.0,,,,
10:12:06.520,-109017.0,,777.0,,,,
10:12:06.525,-109030.0,,775.0,,,,
10:12:06.532,-109026.0,,777.0,,,,
10:12:06.539,-109029.0,,776.0,,,,
10:12:06.546,-109051.0,,780.0,,,,
10:12:06.551,-109047.0,,777.0,,,,
10:12:06.557,-109046.0,,777.0,,,,
10:12:06.563,-109053.0,,776.0,,,,
10:12:06.568,-109053.0,,767.0,,,,
10:12:06.573,-109053.0,,765.0,,,,
10:12:06.579,-109064.0,,766.0,,,,
10:12:06.584,-109070.0,,766.0,,,,
10:12:06.589,-109051.0,,763.0,,,,
10:12:06.595,-109075.0,,764.0,,,,
10:12:06.599,-109061.0,,766.0,,,,
10:12:06.604,-109085.0,,765.0,,,,
10:12:06.609,-109091.0,,766.0,,,,
10:12:06.614,-109100.0,,765.0,,,,
10:12:06.620,-109092.0,,766.0,,,,
10:12:06.625,-109088.0,,766.0,,,,
10:12:06.630,-109106.0,,766.0,,,,
10:12:06.635,-109111.0,,763.0,,,,
10:12:06.640,-109123.0,,766.0,,,,
10:12:06.644,-109134.0,,767.0,,,,
10:12:06.649,-109132.0,,765.0,,,,
10:12:06.654,-109125.0,,764.0,,,,
10:12:06.658,-109141.0,,765.0,,,,
10:12:06.663,-109139.0,,764.0,,,,
10:12:06.667,-109141.0,,764.0,,,,
10:12:06.673,-109115.0,,762.0,,,,
10:12:06.677,-109129.0,,766.0,,,,
10:12:06.682,-109119.0,,766.0,,,,
10:12:06.687,-109130.0,,765.0,,,,
10:12:06.692,-109115.0,,764.0,,,,
10:12:06.697,-109127.0,,766.0,,,,
10:12:06.701,-109108.0,,767.0,,,,
10:12:06.706,-109105.0,,767.0,,,,
10:12:06.710,-109101.0,,765.0,,,,
10:12:06.715,-109106.0,,767.0,,,,
10:12:06.719,-109097.0,,767.0,,,,
10:12:06.723,-109090.0,,766.0,,,,
10:12:06.728,-109084.0,,765.0,,,,
10:12:06.732,-109097.0,,765.0,,,,
10:12:06.737,-109096.0,,778.0,,,,
10:12:06.741,-109106.0,,767.0,,,,
10:12:06.745,-109109.0,,766.0,,,,
10:12:06.750,-109103.0,,766.0,,,,
10:12:06.755,-109102.0,,767.0,,,,
10:12:06.762,-109102.0,,766.0,,,,
10:12:06.767,-109093.0,,765.0,,,,
10:12:06.773,-109112.0,,775.0,,,,
10:12:06.778,-109091.0,,767.0,,,,
10:12:06.783,-109112.0,,774.0,,,,
10:12:06.789,-109118.0,,765.0,,,,
10:12:06.794,-109135.0,,768.0,,,,
10:12:06.799,-109157.0,,768.0,,,,
10:12:06.804,-109155.0,,767.0,,,,
10:12:06.810,-109149.0,,765.0,,,,
10:12:06.815,-109174.0,,775.0,,,,
10:12:06.821,-109183.0,,766.0,,,,
10:12:06.827,-109198.0,,768.0,,,,
10:12:06.833,-109209.0,,766.0,,,,
10:12:06.840,-109230.0,,767.0,,,,
10:12:06.846,-109259.0,,775.0,,,,
10:12:06.851,-109255.0,,775.0,,,,
10:12:06.856,-109268.0,,767.0,,,,
10:12:06.863,-109287.0,,766.0,,,,
10:12:06.868,-109299.0,,767.0,,,,
10:12:06.875,-109290.0,,767.0,,,,
10:12:06.881,-109300.0,,779.0,,,,
10:12:06.888,-109301.0,,767.0,,,,
10:12:06.893,-109297.0,,761.0,,,,
10:12:06.900,-109331.0,,758.0,,,,
10:12:06.907,-109344.0,,748.0,,,,
10:12:06.913,-109348.0,,751.0,,,,
10:12:06.918,-109335.0,,762.0,,,,
10:12:06.923,-109347.0,,762.0,,,,
10:12:06.928,-109349.0,,761.0,,,,
10:12:06.933,-109369.0,,764.0,,,,
10:12:06.937,-109380.0,,765.0,,,,
10:12:06.942,-109382.0,,766.0,,,,
10:12:06.947,-109389.0,,763.0,,,,
10:12:06.952,-109409.0,,779.0,,,,
10:12:06.957,-109417.0,,776.0,,,,
10:12:06.964,-109409.0,,775.0,,,,
10:12:06.972,-109426.0,,766.0,,,,
10:12:06.978,-109432.0,,774.0,,,,
10:12:06.984,-109433.0,,768.0,,,,
10:12:06.990,-109449.0,,766.0,,,,
10:12:06.996,-109437.0,,765.0,,,,
10:12:07.001,-109447.0,,766.0,,,,
10:12:07.006,-109475.0,,765.0,,,,
10:12:07.011,-109488.0,,765.0,,,,
10:12:07.016,-109498.0,,764.0,,,,
10:12:07.021,-109504.0,,767.0,,,,
10:12:07.026,-109509.0,,766.0,,,,
10:12:07.031,-109502.0,,765.0,,,,
10:12:07.038,-109529.0,,765.0,,,,
10:12:07.043,-109557.0,,776.0,,,,
10:12:07.048,-109588.0,,777.0,,,,
10:12:07.054,-109587.0,,768.0,,,,
10:12:07.058,-109600.0,,779.0,,,,
10:12:07.064,-109614.0,,777.0,,,,
10:12:07.069,-109640.0,,781.0,,,,
10:12:07.075,-109641.0,,768.0,,,,
10:12:07.081,-109664.0,,767.0,,,,
10:12:07.086,-109668.0,,777.0,,,,
10:12:07.092,-109687.0,,776.0,,,,
10:12:07.097,-109689.0,,775.0,,,,
10:12:07.103,-109699.0,,767.0,,,,
10:12:07.108,-109722.0,,766.0,,,,
10:12:07.113,-109725.0,,767.0,,,,
10:12:07.117,-109727.0,,766.0,,,,
10:12:07.123,-109740.0,,766.0,,,,
10:12:07.127,-109759.0,,776.0,,,,
10:12:07.133,-109759.0,,767.0,,,,
10:12:07.139,-109773.0,,766.0,,,,
10:12:07.144,-109772.0,,766.0,,,,
10:12:07.150,-109771.0,,766.0,,,,
10:12:07.155,-109774.0,,773.0,,,,
10:12:07.160,-109798.0,,767.0,,,,
10:12:07.165,-109809.0,,778.0,,,,
10:12:07.171,-109825.0,,778.0,,,,
10:12:07.176,-109811.0,,777.0,,,,
10:12:07.182,-109824.0,,776.0,,,,
10:12:07.187,-109839.0,,767.0,,,,
10:12:07.192,-109849.0,,775.0,,,,
10:12:07.198,-109848.0,,765.0,,,,
10:12:07.203,-109849.0,,764.0,,,,
10:12:07.208,-109874.0,,775.0,,,,
10:12:07.212,-109869.0,,767.0,,,,
10:12:07.217,-109895.0,,765.0,,,,
10:12:07.222,-109920.0,,765.0,,,,
10:12:07.226,-109928.0,,766.0,,,,
10:12:07.233,-109928.0,,775.0,,,,
10:12:07.239,-109948.0,,765.0,,,,
10:12:07.244,-109967.0,,765.0,,,,
10:12:07.250,-109993.0,,763.0,,,,
10:12:07.258,-109995.0,,765.0,,,,
10:12:07.267,-110013.0,,764.0,,,,
10:12:07.275,-110032.0,,765.0,,,,
10:12:07.281,-110044.0,,763.0,,,,
10:12:07.288,-110047.0,,763.0,,,,
10:12:07.296,-110079.0,,763.0,,,,
10:12:07.305,-110090.0,,764.0,,,,
10:12:07.313,-110108.0,,763.0,,,,
10:12:07.318,-110123.0,,764.0,,,,
10:12:07.325,-110130.0,,762.0,,,,
10:12:07.333,-110136.0,,763.0,,,,
10:12:07.342,-110140.0,,762.0,,,,
10:12:07.351,-110165.0,,762.0,,,,
10:12:07.360,-110184.0,,763.0,,,,
10:12:07.367,-110169.0,,763.0,,,,
10:12:07.373,-110169.0,,763.0,,,,
10:12:07.377,-110157.0,,763.0,,,,
10:12:07.382,-110176.0,,764.0,,,,
10:12:07.387,-110151.0,,761.0,,,,
10:12:07.392,-110164.0,,763.0,,,,
10:12:07.397,-110139.0,,763.0,,,,
10:12:07.402,-110126.0,,764.0,,,,
10:12:07.407,-110090.0,,777.0,,,,
10:12:07.412,-110079.0,,775.0,,,,
10:12:07.416,-110056.0,,776.0,,,,
10:12:07.421,-110017.0,,775.0,,,,
10:12:07.425,-109989.0,,766.0,,,,
10:12:07.430,-109977.0,,765.0,,,,
10:12:07.436,-109954.0,,766.0,,,,
10:12:07.440,-109901.0,,768.0,,,,
10:12:07.444,-109883.0,,765.0,,,,
10:12:07.448,-109861.0,,765.0,,,,
10:12:07.452,-109862.0,,767.0,,,,
10:12:07.456,-109836.0,,767.0,,,,
10:12:07.460,-109827.0,,766.0,,,,
10:12:07.464,-109806.0,,775.0,,,,
10:12:07.468,-109787.0,,768.0,,,,
10:12:07.472,-109780.0,,776.0,,,,
10:12:07.476,-109781.0,,764.0,,,,
10:12:07.480,-109789.0,,765.0,,,,
10:12:07.484,-109783.0,,766.0,,,,
10:12:07.489,-109763.0,,766.0,,,,
10:12:07.492,-109754.0,,765.0,,,,
10:12:07.496,-109768.0,,766.0,,,,
10:12:07.500,-109764.0,,767.0,,,,
10:12:07.504,-109769.0,,766.0,,,,
10:12:07.508,-109775.0,,765.0,,,,
10:12:07.512,-109774.0,,764.0,,,,
10:12:07.517,-109772.0,,766.0,,,,
10:12:07.521,-109789.0,,768.0,,,,
10:12:07.525,-109793.0,,765.0,,,,
10:12:07.530,-109789.0,,765.0,,,,
10:12:07.535,-109786.0,,766.0,,,,
10:12:07.539,-109826.0,,767.0,,,,
10:12:07.545,-109786.0,,764.0,,,,
10:12:07.549,-109789.0,,766.0,,,,
10:12:07.555,-109817.0,,776.0,,,,
10:12:07.559,-109823.0,,774.0,,,,
10:12:07.563,-109811.0,,766.0,,,,
10:12:07.569,-109822.0,,766.0,,,,
10:12:07.574,-109827.0,,775.0,,,,
10:12:07.580,-109827.0,,780.0,,,,
10:12:07.584,-109830.0,,776.0,,,,
10:12:07.591,-109824.0,,777.0,,,,
10:12:07.598,-109854.0,,775.0,,,,
10:12:07.605,-109832.0,,776.0,,,,
10:12:07.610,-109829.0,,767.0,,,,
10:12:07.617,-109833.0,,775.0,,,,
10:12:07.623,-109845.0,,766.0,,,,
10:12:07.629,-109869.0,,766.0,,,,
10:12:07.633,-109843.0,,766.0,,,,
10:12:07.640,-109881.0,,767.0,,,,
10:12:07.646,-109899.0,,767.0,,,,
10:12:07.653,-109917.0,,768.0,,,,
10:12:07.660,-109911.0,,766.0,,,,
10:12:07.667,-109927.0,,767.0,,,,
10:12:07.673,-109952.0,,775.0,,,,
10:12:07.677,-109970.0,,766.0,,,,
10:12:07.682,-109985.0,,767.0,,,,
10:12:07.688,-109981.0,,767.0,,,,
10:12:07.693,-109989.0,,766.0,,,,
10:12:07.698,-109987.0,,768.0,,,,
10:12:07.704,-109984.0,,766.0,,,,
10:12:07.709,-110005.0,,766.0,,,,
10:12:07.714,-110012.0,,776.0,,,,
10:12:07.719,-109999.0,,766.0,,,,
10:12:07.724,-110001.0,,766.0,,,,
10:12:07.729,-109993.0,,767.0,,,,
10:12:07.733,-109991.0,,767.0,,,,
10:12:07.738,-109978.0,,775.0,,,,
10:12:07.742,-109992.0,,765.0,,,,
10:12:07.747,-109993.0,,776.0,,,,
10:12:07.751,-109992.0,,766.0,,,,
10:12:07.757,-109974.0,,767.0,,,,
10:12:07.761,-109960.0,,765.0,,,,
10:12:07.766,-109959.0,,768.0,,,,
10:12:07.771,-109953.0,,775.0,,,,
10:12:07.775,-109962.0,,768.0,,,,
10:12:07.779,-109954.0,,766.0,,,,
10:12:07.783,-109952.0,,774.0,,,,
10:12:07.788,-109948.0,,780.0,,,,
10:12:07.792,-109953.0,,777.0,,,,
10:12:07.797,-109943.0,,776.0,,,,
10:12:07.801,-109943.0,,776.0,,,,
10:12:07.807,-109963.0,,777.0,,,,
10:12:07.811,-109951.0,,776.0,,,,
10:12:07.815,-109961.0,,766.0,,,,
10:12:07.819,-109962.0,,776.0,,,,
10:12:07.824,-109966.0,,777.0,,,,
10:12:07.830,-109951.0,,775.0,,,,
10:12:07.834,-109981.0,,765.0,,,,
10:12:07.839,-109989.0,,767.0,,,,
10:12:07.843,-109976.0,,767.0,,,,
10:12:07.849,-109983.0,,764.0,,,,
10:12:07.854,-109979.0,,764.0,,,,
10:12:07.858,-109999.0,,765.0,,,,
10:12:07.864,-110020.0,,766.0,,,,
10:12:07.868,-110043.0,,765.0,,,,
10:12:07.873,-110051.0,,764.0,,,,
10:12:07.878,-110065.0,,766.0,,,,
10:12:07.883,-110079.0,,765.0,,,,
10:12:07.888,-110110.0,,767.0,,,,
10:12:07.892,-110106.0,,764.0,,,,
10:12:07.898,-110114.0,,767.0,,,,
10:12:07.902,-110126.0,,776.0,,,,
10:12:07.909,-110133.0,,766.0,,,,
10:12:07.916,-110153.0,,765.0,,,,
10:12:07.921,-110157.0,,766.0,,,,
10:12:07.926,-110145.0,,766.0,,,,
10:12:07.931,-110185.0,,766.0,,,,
10:12:07.936,-110181.0,,765.0,,,,
10:12:07.940,-110182.0,,765.0,,,,
10:12:07.945,-110197.0,,767.0,,,,
10:12:07.949,-110204.0,,767.0,,,,
10:12:07.953,-110210.0,,767.0,,,,
10:12:07.958,-110228.0,,768.0,,,,
10:12:07.962,-110218.0,,775.0,,,,
10:12:07.967,-110222.0,,775.0,,,,
10:12:07.972,-110240.0,,765.0,,,,
10:12:07.978,-110264.0,,778.0,,,,
10:12:07.983,-110267.0,,777.0,,,,
10:12:07.990,-110281.0,,777.0,,,,
10:12:07.997,-110257.0,,768.0,,,,
10:12:08.004,-110282.0,,775.0,,,,
10:12:08.011,-110282.0,,777.0,,,,
10:12:08.018,-110287.0,,776.0,,,,
10:12:08.025,-110294.0,,767.0,,,,
10:12:08.031,-110293.0,,768.0,,,,
10:12:08.036,-110313.0,,777.0,,,,
10:12:08.041,-110338.0,,775.0,,,,
10:12:08.047,-110341.0,,768.0,,,,
10:12:08.053,-110326.0,,776.0,,,,
10:12:08.058,-110337.0,,778.0,,,,
10:12:08.064,-110337.0,,776.0,,,,
10:12:08.068,-110355.0,,767.0,,,,
10:12:08.074,-110383.0,,776.0,,,,
10:12:08.079,-110397.0,,775.0,,,,
10:12:08.083,-110381.0,,766.0,,,,
10:12:08.088,-110394.0,,767.0,,,,
10:12:08.091,-110405.0,,776.0,,,,
10:12:08.097,-110424.0,,777.0,,,,
10:12:08.102,-110429.0,,768.0,,,,
10:12:08.106,-110451.0,,775.0,,,,
10:12:08.111,-110451.0,,775.0,,,,
10:12:08.116,-110455.0,,775.0,,,,
10:12:08.121,-110423.0,,768.0,,,,
10:12:08.125,-110442.0,,766.0,,,,
10:12:08.129,-110446.0,,776.0,,,,
10:12:08.134,-110467.0,,775.0,,,,
10:12:08.138,-110461.0,,767.0,,,,
10:12:08.144,-110457.0,,766.0,,,,
10:12:08.150,-110455.0,,776.0,,,,
10:12:08.156,-110476.0,,776.0,,,,
10:12:08.163,-110472.0,,776.0,,,,
10:12:08.169,-110479.0,,775.0,,,,
10:12:08.175,-110472.0,,777.0,,,,
10:12:08.180,-110476.0,,767.0,,,,
10:12:08.185,-110502.0,,768.0,,,,
10:12:08.190,-110495.0,,779.0,,,,
10:12:08.194,-110505.0,,777.0,,,,
10:12:08.199,-110512.0,,775.0,,,,
10:12:08.203,-110502.0,,767.0,,,,
10:12:08.210,-110516.0,,767.0,,,,
10:12:08.214,-110519.0,,767.0,,,,
10:12:08.219,-110513.0,,766.0,,,,
10:12:08.226,-110511.0,,764.0,,,,
10:12:08.231,-110510.0,,765.0,,,,
10:12:08.235,-110525.0,,766.0,,,,
10:12:08.240,-110542.0,,766.0,,,,
10:12:08.247,-110560.0,,763.0,,,,
10:12:08.254,-110566.0,,765.0,,,,
10:12:08.260,-110569.0,,766.0,,,,
10:12:08.267,-110588.0,,766.0,,,,
10:12:08.273,-110595.0,,765.0,,,,
10:12:08.280,-110616.0,,764.0,,,,
10:12:08.287,-110620.0,,764.0,,,,
10:12:08.294,-110660.0,,766.0,,,,
10:12:08.304,-110671.0,,763.0,,,,
10:12:08.313,-110669.0,,764.0,,,,
10:12:08.320,-110678.0,,765.0,,,,
10:12:08.327,-110698.0,,767.0,,,,
10:12:08.334,-110708.0,,764.0,,,,
10:12:08.342,-110728.0,,764.0,,,,
10:12:08.351,-110739.0,,766.0,,,,
10:12:08.359,-110731.0,,766.0,,,,
10:12:08.366,-110750.0,,764.0,,,,
10:12:08.373,-110747.0,,764.0,,,,
10:12:08.381,-110751.0,,766.0,,,,
10:12:08.386,-110761.0,,766.0,,,,
10:12:08.393,-110746.0,,765.0,,,,
10:12:08.399,-110745.0,,763.0,,,,
10:12:08.406,-110705.0,,765.0,,,,
10:12:08.414,-110699.0,,765.0,,,,
10:12:08.422,-110696.0,,764.0,,,,
10:12:08.431,-110660.0,,764.0,,,,
10:12:08.435,-110647.0,,776.0,,,,
10:12:08.441,-110615.0,,765.0,,,,
10:12:08.447,-110597.0,,779.0,,,,
10:12:08.451,-110578.0,,776.0,,,,
10:12:08.456,-110558.0,,776.0,,,,
10:12:08.460,-110497.0,,775.0,,,,
10:12:08.466,-110490.0,,766.0,,,,
10:12:08.472,-110450.0,,766.0,,,,
10:12:08.476,-110429.0,,768.0,,,,
10:12:08.481,-110400.0,,767.0,,,,
10:12:08.486,-110371.0,,764.0,,,,
10:12:08.491,-110351.0,,764.0,,,,
10:12:08.496,-110354.0,,767.0,,,,
10:12:08.501,-110345.0,,765.0,,,,
10:12:08.506,-110339.0,,765.0,,,,
10:12:08.511,-110323.0,,765.0,,,,
10:12:08.516,-110315.0,,766.0,,,,
10:12:08.521,-110313.0,,767.0,,,,
10:12:08.525,-110308.0,,765.0,,,,
10:12:08.530,-110314.0,,766.0,,,,
10:12:08.534,-110323.0,,775.0,,,,
10:12:08.540,-110317.0,,767.0,,,,
10:12:08.545,-110336.0,,766.0,,,,
10:12:08.550,-110346.0,,775.0,,,,
10:12:08.555,-110335.0,,768.0,,,,
10:12:08.560,-110368.0,,779.0,,,,
10:12:08.565,-110361.0,,766.0,,,,
10:12:08.569,-110359.0,,765.0,,,,
10:12:08.574,-110383.0,,765.0,,,,
10:12:08.579,-110396.0,,767.0,,,,
10:12:08.583,-110394.0,,764.0,,,,
10:12:08.587,-110402.0,,766.0,,,,
10:12:08.591,-110406.0,,766.0,,,,
10:12:08.596,-110411.0,,766.0,,,,
10:12:08.600,-110430.0,,765.0,,,,
10:12:08.606,-110431.0,,764.0,,,,
10:12:08.615,-110431.0,,766.0,,,,
10:12:08.621,-110447.0,,766.0,,,,
10:12:08.626,-110455.0,,764.0,,,,
10:12:08.631,-110439.0,,765.0,,,,
10:12:08.635,-110460.0,,766.0,,,,
10:12:08.640,-110464.0,,766.0,,,,
10:12:08.646,-110466.0,,775.0,,,,
10:12:08.651,-110471.0,,775.0,,,,
10:12:08.656,-110475.0,,775.0,,,,
10:12:08.662,-110498.0,,767.0,,,,
10:12:08.666,-110497.0,,767.0,,,,
10:12:08.671,-110490.0,,766.0,,,,
10:12:08.676,-110493.0,,766.0,,,,
10:12:08.681,-110501.0,,767.0,,,,
10:12:08.686,-110483.0,,764.0,,,,
10:12:08.691,-110492.0,,766.0,,,,
10:12:08.697,-110504.0,,768.0,,,,
10:12:08.701,-110522.0,,766.0,,,,
10:12:08.708,-110524.0,,763.0,,,,
10:12:08.714,-110503.0,,765.0,,,,
10:12:08.720,-110494.0,,767.0,,,,
10:12:08.727,-110516.0,,767.0,,,,
10:12:08.734,-110522.0,,764.0,,,,
10:12:08.741,-110526.0,,765.0,,,,
10:12:08.748,-110507.0,,764.0,,,,
10:12:08.753,-110504.0,,775.0,,,,
10:12:08.757,-110515.0,,766.0,,,,
10:12:08.763,-110504.0,,775.0,,,,
10:12:08.769,-110504.0,,776.0,,,,
10:12:08.774,-110488.0,,768.0,,,,
10:12:08.780,-110481.0,,766.0,,,,
10:12:08.784,-110482.0,,774.0,,,,
10:12:08.789,-110483.0,,766.0,,,,
10:12:08.793,-110453.0,,766.0,,,,
10:12:08.798,-110448.0,,763.0,,,,
10:12:08.802,-110448.0,,775.0,,,,
10:12:08.807,-110430.0,,776.0,,,,
10:12:08.812,-110420.0,,775.0,,,,
10:12:08.816,-110414.0,,765.0,,,,
10:12:08.821,-110412.0,,776.0,,,,
10:12:08.826,-110396.0,,766.0,,,,
10:12:08.831,-110403.0,,766.0,,,,
10:12:08.835,-110391.0,,763.0,,,,
10:12:08.840,-110391.0,,764.0,,,,
10:12:08.847,-110360.0,,767.0,,,,
10:12:08.854,-110371.0,,767.0,,,,
10:12:08.858,-110372.0,,778.0,,,,
10:12:08.863,-110349.0,,777.0,,,,
10:12:08.869,-110336.0,,777.0,,,,
10:12:08.874,-110305.0,,775.0,,,,
10:12:08.880,-110314.0,,767.0,,,,
10:12:08.884,-110306.0,,767.0,,,,
10:12:08.892,-110306.0,,767.0,,,,
10:12:08.898,-110272.0,,774.0,,,,
10:12:08.904,-110294.0,,764.0,,,,
10:12:08.910,-110283.0,,765.0,,,,
10:12:08.917,-110294.0,,765.0,,,,
10:12:08.924,-110300.0,,765.0,,,,
10:12:08.930,-110302.0,,763.0,,,,
10:12:08.935,-110293.0,,767.0,,,,
10:12:08.940,-110304.0,,767.0,,,,
10:12:08.946,-110289.0,,774.0,,,,
10:12:08.950,-110323.0,,765.0,,,,
10:12:08.955,-110316.0,,767.0,,,,
10:12:08.959,-110338.0,,768.0,,,,
10:12:08.966,-110343.0,,765.0,,,,
10:12:08.972,-110333.0,,764.0,,,,
10:12:08.976,-110337.0,,765.0,,,,
10:12:08.981,-110348.0,,765.0,,,,
10:12:08.986,-110340.0,,765.0,,,,
10:12:08.991,-110344.0,,763.0,,,,
10:12:08.996,-110350.0,,763.0,,,,
10:12:09.000,-110331.0,,764.0,,,,
10:12:09.005,-110325.0,,763.0,,,,
10:12:09.009,-110328.0,,763.0,,,,
10:12:09.016,-110348.0,,766.0,,,,
10:12:09.021,-110346.0,,765.0,,,,
10:12:09.027,-110354.0,,766.0,,,,
10:12:09.034,-110341.0,,764.0,,,,
10:12:09.042,-110340.0,,783.0,,,,
10:12:09.047,-110373.0,,766.0,,,,
10:12:09.051,-110340.0,,761.0,,,,
10:12:09.059,-110342.0,,751.0,,,,
10:12:09.066,-110352.0,,749.0,,,,
10:12:09.072,-110347.0,,759.0,,,,
10:12:09.079,-110361.0,,765.0,,,,
10:12:09.085,-110362.0,,764.0,,,,
10:12:09.090,-110349.0,,766.0,,,,
10:12:09.096,-110355.0,,766.0,,,,
10:12:09.102,-110369.0,,766.0,,,,
10:12:09.110,-110345.0,,764.0,,,,
10:12:09.117,-110346.0,,767.0,,,,
10:12:09.126,-110341.0,,766.0,,,,
10:12:09.133,-110326.0,,765.0,,,,
10:12:09.140,-110342.0,,763.0,,,,
10:12:09.147,-110344.0,,767.0,,,,
10:12:09.154,-110349.0,,766.0,,,,
10:12:09.161,-110341.0,,767.0,,,,
10:12:09.168,-110355.0,,765.0,,,,
10:12:09.174,-110356.0,,766.0,,,,
10:12:09.181,-110336.0,,777.0,,,,
10:12:09.188,-110361.0,,766.0,,,,
10:12:09.194,-110360.0,,766.0,,,,
10:12:09.202,-110385.0,,767.0,,,,
10:12:09.209,-110365.0,,767.0,,,,
10:12:09.216,-110385.0,,767.0,,,,
10:12:09.224,-110373.0,,765.0,,,,
10:12:09.229,-110385.0,,775.0,,,,
10:12:09.233,-110396.0,,776.0,,,,
10:12:09.239,-110406.0,,775.0,,,,
10:12:09.245,-110407.0,,766.0,,,,
10:12:09.249,-110413.0,,774.0,,,,
10:12:09.253,-110420.0,,776.0,,,,
10:12:09.258,-110430.0,,767.0,,,,
10:12:09.262,-110445.0,,765.0,,,,
10:12:09.266,-110456.0,,767.0,,,,
10:12:09.270,-110451.0,,767.0,,,,
10:12:09.274,-110453.0,,767.0,,,,
10:12:09.278,-110461.0,,766.0,,,,
10:12:09.283,-110469.0,,776.0,,,,
10:12:09.287,-110472.0,,776.0,,,,
10:12:09.291,-110489.0,,768.0,,,,
10:12:09.296,-110481.0,,766.0,,,,
10:12:09.300,-110497.0,,767.0,,,,
10:12:09.305,-110496.0,,775.0,,,,
10:12:09.309,-110503.0,,780.0,,,,
10:12:09.314,-110496.0,,778.0,,,,
10:12:09.318,-110502.0,,778.0,,,,
10:12:09.323,-110497.0,,777.0,,,,
10:12:09.328,-110506.0,,775.0,,,,
10:12:09.333,-110498.0,,774.0,,,,
10:12:09.338,-110490.0,,777.0,,,,
10:12:09.342,-110482.0,,767.0,,,,
10:12:09.347,-110462.0,,766.0,,,,
10:12:09.351,-110459.0,,767.0,,,,
10:12:09.357,-110417.0,,775.0,,,,
10:12:09.362,-110360.0,,776.0,,,,
10:12:09.367,-110261.0,,766.0,,,,
10:12:09.372,-110110.0,,763.0,,,,
10:12:09.375,-109938.0,,765.0,,,,
10:12:09.380,-109723.0,,764.0,,,,
10:12:09.384,-109507.0,,764.0,,,,
10:12:09.389,-109228.0,,763.0,,,,
10:12:09.395,-108782.0,,763.0,,,,
10:12:09.402,-107571.0,,745.0,,,,
10:12:09.409,-103134.0,,748.0,,,,
10:12:09.416,-95225.0,,762.0,,,,
10:12:09.423,-96028.0,,728.0,,,,
10:12:09.428,-85197.0,,731.0,,,,
10:12:09.434,-69769.0,,777.0,,,,
10:12:09.441,-55201.0,,813.0,,,,
10:12:09.449,-43525.0,,750.0,,,,
10:12:09.457,-34560.0,,747.0,,,,
10:12:09.464,-27569.0,,792.0,,,,
10:12:09.471,-22551.0,,812.0,,,,
10:12:09.479,-19002.0,,759.0,,,,
10:12:09.486,-16372.0,,748.0,,,,
10:12:09.494,-14423.0,,791.0,,,,
10:12:09.501,-12947.0,,812.0,,,,
10:12:09.508,-11784.0,,750.0,,,,
10:12:09.514,-10863.0,,747.0,,,,
10:12:09.520,-10073.0,,782.0,,,,
10:12:09.527,-9370.0,,810.0,,,,
10:12:09.533,-8754.0,,750.0,,,,
10:12:09.540,-8254.0,,748.0,,,,
10:12:09.546,-7811.0,,808.0,,,,
10:12:09.551,-7454.0,,808.0,,,,
10:12:09.558,-7138.0,,749.0,,,,
10:12:09.564,-6861.0,,749.0,,,,
10:12:09.571,-6616.0,,798.0,,,,
10:12:09.579,-6420.0,,797.0,,,,
10:12:09.587,-6225.0,,746.0,,,,
10:12:09.594,-6079.0,,747.0,,,,
10:12:09.602,-5985.0,,797.0,,,,
10:12:09.608,-5966.0,,796.0,,,,
10:12:09.614,-5974.0,,744.0,,,,
10:12:09.619,-6025.0,,745.0,,,,
10:12:09.624,-6125.0,,796.0,,,,
10:12:09.629,-6312.0,,797.0,,,,
10:12:09.633,-6575.0,,734.0,,,,
10:12:09.637,-6914.0,,750.0,,,,
10:12:09.641,-7374.0,,797.0,,,,
10:12:09.645,-7948.0,,797.0,,,,
10:12:09.650,-8677.0,,743.0,,,,
10:12:09.654,-9605.0,,746.0,,,,
10:12:09.658,-10886.0,,797.0,,,,
10:12:09.663,-12650.0,,799.0,,,,
10:12:09.669,-15149.0,,744.0,,,,
10:12:09.674,-18768.0,,747.0,,,,
10:12:09.680,-24164.0,,797.0,,,,
10:12:09.685,-32214.0,,798.0,,,,
10:12:09.690,-44066.0,,745.0,,,,
10:12:09.696,-57807.0,,747.0,,,,
10:12:09.702,-74064.0,,797.0,,,,
10:12:09.707,-90403.0,,744.0,,,,
10:12:09.711,-103013.0,,765.0,,,,
10:12:09.715,-103552.0,,777.0,,,,
10:12:09.720,-103403.0,,763.0,,,,
10:12:09.723,-103381.0,,762.0,,,,
10:12:09.728,-103573.0,,777.0,,,,
10:12:09.733,-103730.0,,777.0,,,,
10:12:09.739,-103847.0,,775.0,,,,
10:12:09.744,-103908.0,,775.0,,,,
10:12:09.748,-103986.0,,777.0,,,,
10:12:09.752,-104046.0,,767.0,,,,
10:12:09.757,-104122.0,,777.0,,,,
10:12:09.761,-104185.0,,767.0,,,,
10:12:09.765,-104245.0,,777.0,,,,
10:12:09.772,-104294.0,,775.0,,,,
10:12:09.775,-104347.0,,765.0,,,,
10:12:09.781,-104410.0,,767.0,,,,
10:12:09.786,-104447.0,,767.0,,,,
10:12:09.792,-104497.0,,768.0,,,,
10:12:09.798,-104557.0,,766.0,,,,
10:12:09.803,-104584.0,,766.0,,,,
10:12:09.808,-104652.0,,767.0,,,,
10:12:09.813,-104700.0,,766.0,,,,
10:12:09.820,-104719.0,,768.0,,,,
10:12:09.834,-104780.0,,767.0,,,,
10:12:09.840,-104813.0,,776.0,,,,
10:12:09.847,-104874.0,,776.0,,,,
10:12:09.853,-104921.0,,764.0,,,,
10:12:09.858,-104986.0,,775.0,,,,
10:12:09.864,-105026.0,,775.0,,,,
10:12:09.870,-105051.0,,776.0,,,,
10:12:09.874,-105100.0,,765.0,,,,
10:12:09.879,-105117.0,,767.0,,,,
10:12:09.884,-105168.0,,776.0,,,,
10:12:09.889,-105190.0,,776.0,,,,
10:12:09.893,-105222.0,,766.0,,,,
10:12:09.898,-105252.0,,766.0,,,,
10:12:09.903,-105279.0,,776.0,,,,
10:12:09.908,-105285.0,,776.0,,,,
10:12:09.913,-105317.0,,763.0,,,,
10:12:09.917,-105361.0,,765.0,,,,
10:12:09.922,-105364.0,,765.0,,,,
10:12:09.929,-105389.0,,767.0,,,,
10:12:09.936,-105420.0,,764.0,,,,
10:12:09.941,-105434.0,,765.0,,,,
10:12:09.947,-105450.0,,765.0,,,,
10:12:09.952,-105492.0,,768.0,,,,
10:12:09.957,-105510.0,,764.0,,,,
10:12:09.960,-105546.0,,765.0,,,,
10:12:09.965,-105553.0,,766.0,,,,
10:12:09.970,-105592.0,,778.0,,,,
10:12:09.974,-105599.0,,767.0,,,,
10:12:09.979,-105630.0,,778.0,,,,
10:12:09.983,-105651.0,,779.0,,,,
10:12:09.988,-105684.0,,781.0,,,,
10:12:09.992,-105706.0,,781.0,,,,
10:12:09.996,-105735.0,,792.0,,,,
10:12:10.000,-105763.0,,792.0,,,,
10:12:10.004,-105775.0,,784.0,,,,
10:12:10.008,-105803.0,,782.0,,,,
10:12:10.013,-105827.0,,791.0,,,,
10:12:10.017,-105874.0,,791.0,,,,
10:12:10.022,-105905.0,,792.0,,,,
10:12:10.026,-105904.0,,791.0,,,,
10:12:10.031,-105945.0,,791.0,,,,
10:12:10.035,-105962.0,,793.0,,,,
10:12:10.040,-105983.0,,791.0,,,,
10:12:10.043,-106024.0,,794.0,,,,
10:12:10.047,-106048.0,,792.0,,,,
10:12:10.051,-106047.0,,792.0,,,,
10:12:10.055,-106098.0,,792.0,,,,
10:12:10.059,-106103.0,,783.0,,,,
10:12:10.063,-106115.0,,793.0,,,,
10:12:10.067,-106161.0,,793.0,,,,
10:12:10.070,-106171.0,,791.0,,,,
10:12:10.074,-106208.0,,792.0,,,,
10:12:10.079,-106225.0,,793.0,,,,
10:12:10.082,-106233.0,,793.0,,,,
10:12:10.087,-106254.0,,793.0,,,,
10:12:10.090,-106259.0,,791.0,,,,
10:12:10.095,-106302.0,,793.0,,,,
10:12:10.098,-106311.0,,794.0,,,,
10:12:10.104,-106342.0,,791.0,,,,
10:12:10.107,-106352.0,,782.0,,,,
10:12:10.112,-106367.0,,791.0,,,,
10:12:10.117,-106402.0,,783.0,,,,
10:12:10.122,-106425.0,,783.0,,,,
10:12:10.126,-106443.0,,782.0,,,,
10:12:10.132,-106450.0,,782.0,,,,
10:12:10.137,-106461.0,,783.0,,,,
10:12:10.142,-106490.0,,795.0,,,,
10:12:10.150,-106509.0,,793.0,,,,
10:12:10.156,-106520.0,,795.0,,,,
10:12:10.160,-106534.0,,793.0,,,,
10:12:10.165,-106559.0,,796.0,,,,
10:12:10.169,-106570.0,,793.0,,,,
10:12:10.174,-106588.0,,794.0,,,,
10:12:10.179,-106588.0,,793.0,,,,
10:12:10.183,-106627.0,,794.0,,,,
10:12:10.188,-106614.0,,792.0,,,,
10:12:10.192,-106663.0,,793.0,,,,
10:12:10.197,-106674.0,,793.0,,,,
10:12:10.201,-106714.0,,792.0,,,,
10:12:10.206,-106695.0,,791.0,,,,
10:12:10.211,-106719.0,,794.0,,,,
10:12:10.216,-106751.0,,793.0,,,,
10:12:10.220,-106770.0,,795.0,,,,
10:12:10.224,-106787.0,,792.0,,,,
10:12:10.229,-106805.0,,794.0,,,,
10:12:10.232,-106840.0,,796.0,,,,
10:12:10.237,-106851.0,,793.0,,,,
10:12:10.242,-106860.0,,790.0,,,,
10:12:10.247,-106868.0,,792.0,,,,
10:12:10.251,-106902.0,,793.0,,,,
10:12:10.256,-106906.0,,790.0,,,,
10:12:10.260,-106916.0,,783.0,,,,
10:12:10.265,-106925.0,,790.0,,,,
10:12:10.270,-106946.0,,793.0,,,,
10:12:10.275,-106964.0,,783.0,,,,
10:12:10.279,-106973.0,,782.0,,,,
10:12:10.284,-106998.0,,792.0,,,,
10:12:10.290,-106992.0,,792.0,,,,
10:12:10.295,-107008.0,,792.0,,,,
10:12:10.299,-107042.0,,792.0,,,,
10:12:10.304,-107042.0,,792.0,,,,
10:12:10.308,-107052.0,,792.0,,,,
10:12:10.313,-107079.0,,791.0,,,,
10:12:10.316,-107098.0,,783.0,,,,
10:12:10.322,-107109.0,,791.0,,,,
10:12:10.327,-107110.0,,783.0,,,,
10:12:10.331,-107135.0,,795.0,,,,
10:12:10.335,-107140.0,,792.0,,,,
10:12:10.340,-107164.0,,792.0,,,,
10:12:10.345,-107145.0,,792.0,,,,
10:12:10.349,-107160.0,,791.0,,,,
10:12:10.354,-107184.0,,790.0,,,,
10:12:10.359,-107192.0,,792.0,,,,
10:12:10.364,-107193.0,,784.0,,,,
10:12:10.370,-107193.0,,784.0,,,,
10:12:10.376,-107220.0,,791.0,,,,
10:12:10.381,-107250.0,,792.0,,,,
10:12:10.386,-107264.0,,793.0,,,,
10:12:10.391,-107258.0,,783.0,,,,
10:12:10.395,-107273.0,,782.0,,,,
10:12:10.400,-107300.0,,791.0,,,,
10:12:10.406,-107296.0,,793.0,,,,
10:12:10.412,-107341.0,,792.0,,,,
10:12:10.417,-107364.0,,783.0,,,,
10:12:10.422,-107366.0,,795.0,,,,
10:12:10.428,-107356.0,,794.0,,,,
10:12:10.433,-107373.0,,792.0,,,,
10:12:10.439,-107350.0,,794.0,,,,
10:12:10.444,-107353.0,,793.0,,,,
10:12:10.451,-107344.0,,795.0,,,,
10:12:10.457,-107343.0,,794.0,,,,
10:12:10.463,-107320.0,,793.0,,,,
10:12:10.468,-107287.0,,795.0,,,,
10:12:10.474,-107271.0,,795.0,,,,
10:12:10.480,-107253.0,,793.0,,,,
10:12:10.486,-107225.0,,793.0,,,,
10:12:10.491,-107197.0,,796.0,,,,
10:12:10.497,-107192.0,,794.0,,,,
10:12:10.502,-107154.0,,793.0,,,,
10:12:10.508,-107137.0,,790.0,,,,
10:12:10.515,-107102.0,,793.0,,,,
10:12:10.522,-107086.0,,792.0,,,,
10:12:10.529,-107064.0,,792.0,,,,
10:12:10.536,-107053.0,,783.0,,,,
10:12:10.542,-107029.0,,792.0,,,,
10:12:10.550,-107000.0,,797.0,,,,
10:12:10.555,-106990.0,,795.0,,,,
10:12:10.561,-106985.0,,792.0,,,,
10:12:10.574,-106956.0,,795.0,,,,
10:12:10.580,-106947.0,,793.0,,,,
10:12:10.584,-106953.0,,792.0,,,,
10:12:10.591,-106937.0,,793.0,,,,
10:12:10.599,-106928.0,,796.0,,,,
10:12:10.604,-106917.0,,793.0,,,,
10:12:10.609,-106907.0,,792.0,,,,
10:12:10.614,-106910.0,,794.0,,,,
10:12:10.618,-106932.0,,794.0,,,,
10:12:10.622,-106935.0,,792.0,,,,
10:12:10.626,-106947.0,,792.0,,,,
10:12:10.630,-106944.0,,792.0,,,,
10:12:10.633,-106932.0,,794.0,,,,
10:12:10.637,-106943.0,,793.0,,,,
10:12:10.641,-106962.0,,793.0,,,,
10:12:10.645,-106954.0,,793.0,,,,
10:12:10.649,-106966.0,,793.0,,,,
10:12:10.653,-106963.0,,794.0,,,,
10:12:10.657,-106984.0,,793.0,,,,
10:12:10.660,-106974.0,,792.0,,,,
10:12:10.665,-106983.0,,793.0,,,,
10:12:10.669,-106995.0,,794.0,,,,
10:12:10.673,-106971.0,,793.0,,,,
10:12:10.676,-106985.0,,792.0,,,,
10:12:10.680,-106964.0,,794.0,,,,
10:12:10.684,-106972.0,,794.0,,,,
10:12:10.688,-106974.0,,793.0,,,,
10:12:10.692,-106981.0,,793.0,,,,
10:12:10.696,-106973.0,,793.0,,,,
10:12:10.700,-106992.0,,794.0,,,,
10:12:10.704,-106981.0,,796.0,,,,
10:12:10.708,-106983.0,,792.0,,,,
10:12:10.712,-106998.0,,795.0,,,,
10:12:10.716,-106995.0,,791.0,,,,
10:12:10.720,-106975.0,,792.0,,,,
10:12:10.723,-107003.0,,791.0,,,,
10:12:10.727,-107004.0,,793.0,,,,
10:12:10.731,-107018.0,,797.0,,,,
10:12:10.734,-107011.0,,794.0,,,,
10:12:10.738,-107015.0,,793.0,,,,
10:12:10.742,-107007.0,,793.0,,,,
10:12:10.746,-107011.0,,791.0,,,,
10:12:10.749,-107002.0,,791.0,,,,
10:12:10.753,-106996.0,,792.0,,,,
10:12:10.757,-106991.0,,784.0,,,,
10:12:10.761,-106976.0,,792.0,,,,
10:12:10.764,-106978.0,,782.0,,,,
10:12:10.768,-106980.0,,791.0,,,,
10:12:10.772,-106992.0,,792.0,,,,
10:12:10.776,-106982.0,,791.0,,,,
10:12:10.780,-106983.0,,782.0,,,,
10:12:10.783,-106967.0,,791.0,,,,
10:12:10.787,-106981.0,,791.0,,,,
10:12:10.791,-106975.0,,790.0,,,,
10:12:10.794,-106977.0,,782.0,,,,
10:12:10.798,-106997.0,,781.0,,,,
10:12:10.801,-106977.0,,783.0,,,,
10:12:10.805,-106974.0,,782.0,,,,
10:12:10.808,-106971.0,,781.0,,,,
10:12:10.812,-106975.0,,782.0,,,,
10:12:10.816,-106975.0,,783.0,,,,
10:12:10.820,-106978.0,,791.0,,,,
10:12:10.823,-107005.0,,782.0,,,,
10:12:10.827,-107003.0,,782.0,,,,
10:12:10.831,-106966.0,,792.0,,,,
10:12:10.835,-106979.0,,792.0,,,,
10:12:10.840,-107004.0,,783.0,,,,
10:12:10.843,-106993.0,,792.0,,,,
10:12:10.848,-106990.0,,793.0,,,,
10:12:10.851,-106985.0,,792.0,,,,
10:12:10.856,-106986.0,,792.0,,,,
10:12:10.859,-106992.0,,792.0,,,,
10:12:10.863,-107015.0,,795.0,,,,
10:12:10.867,-107015.0,,792.0,,,,
10:12:10.871,-107010.0,,791.0,,,,
10:12:10.875,-107004.0,,784.0,,,,
10:12:10.879,-107010.0,,798.0,,,,
10:12:10.882,-107016.0,,797.0,,,,
10:12:10.886,-107021.0,,795.0,,,,
10:12:10.890,-107036.0,,795.0,,,,
10:12:10.893,-107013.0,,794.0,,,,
10:12:10.897,-107013.0,,795.0,,,,
10:12:10.901,-107025.0,,797.0,,,,
10:12:10.905,-107010.0,,795.0,,,,
10:12:10.910,-107027.0,,793.0,,,,
10:12:10.915,-107017.0,,793.0,,,,
10:12:10.920,-107033.0,,792.0,,,,
10:12:10.926,-107057.0,,792.0,,,,
10:12:10.943,-107069.0,,794.0,,,,
10:12:10.949,-107068.0,,792.0,,,,
10:12:10.955,-107078.0,,792.0,,,,
10:12:10.961,-107089.0,,792.0,,,,
10:12:10.967,-107112.0,,794.0,,,,
10:12:10.973,-107138.0,,793.0,,,,
10:12:10.979,-107135.0,,793.0,,,,
10:12:10.984,-107150.0,,792.0,,,,
10:12:10.990,-107147.0,,792.0,,,,
10:12:10.995,-107175.0,,795.0,,,,
10:12:11.000,-107168.0,,793.0,,,,
10:12:11.005,-107183.0,,793.0,,,,
10:12:11.010,-107179.0,,792.0,,,,
10:12:11.016,-107195.0,,790.0,,,,
10:12:11.021,-107197.0,,790.0,,,,
10:12:11.029,-107192.0,,791.0,,,,
10:12:11.034,-107199.0,,792.0,,,,
10:12:11.039,-107207.0,,784.0,,,,
10:12:11.043,-107209.0,,782.0,,,,
10:12:11.048,-107224.0,,784.0,,,,
10:12:11.053,-107223.0,,793.0,,,,
10:12:11.058,-107233.0,,783.0,,,,
10:12:11.065,-107234.0,,781.0,,,,
10:12:11.071,-107230.0,,793.0,,,,
10:12:11.075,-107231.0,,808.0,,,,
10:12:11.081,-107264.0,,794.0,,,,
10:12:11.088,-107252.0,,781.0,,,,
10:12:11.093,-107246.0,,777.0,,,,
10:12:11.098,-107245.0,,782.0,,,,
10:12:11.103,-107236.0,,782.0,,,,
10:12:11.107,-107250.0,,781.0,,,,
10:12:11.112,-107268.0,,782.0,,,,
10:12:11.115,-107263.0,,782.0,,,,
10:12:11.120,-107261.0,,783.0,,,,
10:12:11.124,-107250.0,,782.0,,,,
10:12:11.129,-107266.0,,791.0,,,,
10:12:11.133,-107281.0,,791.0,,,,
10:12:11.138,-107260.0,,792.0,,,,
10:12:11.143,-107294.0,,783.0,,,,
10:12:11.149,-107303.0,,791.0,,,,
10:12:11.154,-107294.0,,793.0,,,,
10:12:11.158,-107292.0,,794.0,,,,
10:12:11.164,-107305.0,,791.0,,,,
10:12:11.168,-107322.0,,793.0,,,,
10:12:11.173,-107342.0,,794.0,,,,
10:12:11.177,-107337.0,,793.0,,,,
10:12:11.181,-107357.0,,792.0,,,,
10:12:11.185,-107351.0,,793.0,,,,
10:12:11.190,-107378.0,,794.0,,,,
10:12:11.195,-107383.0,,793.0,,,,
10:12:11.199,-107371.0,,792.0,,,,
10:12:11.205,-107368.0,,782.0,,,,
10:12:11.209,-107380.0,,781.0,,,,
10:12:11.214,-107401.0,,778.0,,,,
10:12:11.219,-107390.0,,780.0,,,,
10:12:11.223,-107389.0,,777.0,,,,
10:12:11.227,-107395.0,,776.0,,,,
10:12:11.232,-107391.0,,777.0,,,,
10:12:11.236,-107382.0,,766.0,,,,
10:12:11.240,-107397.0,,768.0,,,,
10:12:11.245,-107398.0,,776.0,,,,
10:12:11.249,-107404.0,,775.0,,,,
10:12:11.254,-107402.0,,766.0,,,,
10:12:11.257,-107399.0,,775.0,,,,
10:12:11.261,-107402.0,,775.0,,,,
10:12:11.265,-107403.0,,766.0,,,,
10:12:11.269,-107420.0,,765.0,,,,
10:12:11.273,-107411.0,,780.0,,,,
10:12:11.277,-107424.0,,779.0,,,,
10:12:11.281,-107434.0,,776.0,,,,
10:12:11.284,-107421.0,,768.0,,,,
10:12:11.286,-107428.0,,776.0,,,,
10:12:11.294,-107444.0,,767.0,,,,
10:12:11.295,-107444.0,,768.0,,,,
10:12:11.303,-107432.0,,767.0,,,,
10:12:11.303,-107435.0,,776.0,,,,
10:12:11.311,-107455.0,,768.0,,,,
10:12:11.311,-107462.0,,766.0,,,,
10:12:11.319,-107479.0,,766.0,,,,
10:12:11.319,-107488.0,,776.0,,,,
10:12:11.329,-107472.0,,767.0,,,,
10:12:11.329,-107510.0,,768.0,,,,
10:12:11.336,-107503.0,,766.0,,,,
10:12:11.336,-107515.0,,767.0,,,,
10:12:11.344,-107539.0,,768.0,,,,
10:12:11.344,-107565.0,,768.0,,,,
10:12:11.354,-107564.0,,765.0,,,,
10:12:11.359,-107569.0,,775.0,,,,
10:12:11.363,-107579.0,,776.0,,,,
10:12:11.364,-107596.0,,767.0,,,,
10:12:11.369,-107593.0,,766.0,,,,
10:12:11.369,-107612.0,,774.0,,,,
10:12:11.378,-107601.0,,775.0,,,,
10:12:11.378,-107603.0,,774.0,,,,
10:12:11.386,-107598.0,,765.0,,,,
10:12:11.394,-107587.0,,767.0,,,,
10:12:11.395,-107595.0,,775.0,,,,
10:12:11.403,-107579.0,,767.0,,,,
10:12:11.408,-107565.0,,765.0,,,,
10:12:11.411,-107538.0,,767.0,,,,
10:12:11.411,-107525.0,,766.0,,,,
10:12:11.419,-107499.0,,768.0,,,,
10:12:11.427,-107469.0,,765.0,,,,
10:12:11.428,-107445.0,,775.0,,,,
10:12:11.434,-107426.0,,777.0,,,,
10:12:11.437,-107397.0,,775.0,,,,
10:12:11.437,-107378.0,,778.0,,,,
10:12:11.444,-107349.0,,778.0,,,,
10:12:11.453,-107352.0,,777.0,,,,
10:12:11.453,-107335.0,,776.0,,,,
10:12:11.461,-107306.0,,766.0,,,,
10:12:11.461,-107283.0,,767.0,,,,
10:12:11.469,-107268.0,,768.0,,,,
10:12:11.469,-107260.0,,766.0,,,,
10:12:11.478,-107215.0,,765.0,,,,
10:12:11.478,-107223.0,,775.0,,,,
10:12:11.486,-107209.0,,766.0,,,,
10:12:11.486,-107211.0,,766.0,,,,
10:12:11.494,-107202.0,,766.0,,,,
10:12:11.494,-107204.0,,767.0,,,,
10:12:11.503,-107188.0,,768.0,,,,
10:12:11.510,-107181.0,,764.0,,,,
10:12:11.511,-107208.0,,763.0,,,,
10:12:11.520,-107200.0,,766.0,,,,
10:12:11.520,-107209.0,,765.0,,,,
10:12:11.528,-107209.0,,765.0,,,,
10:12:11.528,-107210.0,,765.0,,,,
10:12:11.536,-107213.0,,766.0,,,,
10:12:11.536,-107210.0,,764.0,,,,
10:12:11.545,-107214.0,,766.0,,,,
10:12:11.553,-107217.0,,764.0,,,,
10:12:11.553,-107214.0,,765.0,,,,
10:12:11.562,-107222.0,,763.0,,,,
10:12:11.562,-107211.0,,762.0,,,,
10:12:11.569,-107224.0,,764.0,,,,
10:12:11.569,-107225.0,,764.0,,,,
10:12:11.578,-107212.0,,766.0,,,,
10:12:11.586,-107219.0,,764.0,,,,
10:12:11.586,-107209.0,,766.0,,,,
10:12:11.595,-107220.0,,764.0,,,,
10:12:11.595,-107220.0,,765.0,,,,
10:12:11.603,-107224.0,,763.0,,,,
10:12:11.603,-107202.0,,763.0,,,,
10:12:11.610,-107232.0,,765.0,,,,
10:12:11.611,-107219.0,,764.0,,,,
10:12:11.619,-107222.0,,764.0,,,,
10:12:11.619,-107214.0,,775.0,,,,
10:12:11.627,-107223.0,,776.0,,,,
10:12:11.627,-107236.0,,766.0,,,,
10:12:11.636,-107228.0,,767.0,,,,
10:12:11.636,-107218.0,,766.0,,,,
10:12:11.648,-107228.0,,768.0,,,,
10:12:11.652,-107227.0,,767.0,,,,
10:12:11.656,-107240.0,,765.0,,,,
10:12:11.661,-107222.0,,766.0,,,,
10:12:11.669,-107238.0,,767.0,,,,
10:12:11.674,-107243.0,,767.0,,,,
10:12:11.678,-107245.0,,766.0,,,,
10:12:11.686,-107238.0,,765.0,,,,
10:12:11.690,-107262.0,,768.0,,,,
10:12:11.695,-107238.0,,768.0,,,,
10:12:11.695,-107218.0,,766.0,,,,
10:12:11.704,-107246.0,,766.0,,,,
10:12:11.704,-107253.0,,774.0,,,,
10:12:11.712,-107258.0,,774.0,,,,
10:12:11.719,-107248.0,,766.0,,,,
10:12:11.720,-107253.0,,766.0,,,,
10:12:11.727,-107258.0,,776.0,,,,
10:12:11.735,-107248.0,,776.0,,,,
10:12:11.735,-107258.0,,767.0,,,,
10:12:11.746,-107252.0,,767.0,,,,
10:12:11.752,-107242.0,,777.0,,,,
10:12:11.758,-107223.0,,775.0,,,,
10:12:11.764,-107241.0,,766.0,,,,
10:12:11.768,-107229.0,,767.0,,,,
10:12:11.772,-107242.0,,767.0,,,,
10:12:11.776,-107228.0,,775.0,,,,
10:12:11.782,-107236.0,,765.0,,,,
10:12:11.783,-107221.0,,765.0,,,,
10:12:11.790,-107219.0,,765.0,,,,
10:12:11.794,-107226.0,,765.0,,,,
10:12:11.798,-107222.0,,764.0,,,,
10:12:11.800,-107236.0,,765.0,,,,
10:12:11.800,-107221.0,,766.0,,,,
10:12:11.800,-107245.0,,766.0,,,,
10:12:11.800,-107241.0,,775.0,,,,
10:12:11.815,-107229.0,,766.0,,,,
10:12:11.815,-107241.0,,778.0,,,,
10:12:11.815,-107236.0,,767.0,,,,
10:12:11.832,-107230.0,,763.0,,,,
10:12:11.833,-107248.0,,766.0,,,,
10:12:11.837,-107214.0,,767.0,,,,
10:12:11.837,-107231.0,,763.0,,,,
10:12:11.847,-107239.0,,763.0,,,,
10:12:11.853,-107246.0,,764.0,,,,
10:12:11.857,-107233.0,,764.0,,,,
10:12:11.861,-107259.0,,764.0,,,,
10:12:11.865,-107258.0,,766.0,,,,
10:12:11.871,-107271.0,,765.0,,,,
10:12:11.875,-107286.0,,767.0,,,,
10:12:11.881,-107281.0,,765.0,,,,
10:12:11.884,-107307.0,,764.0,,,,
10:12:11.888,-107315.0,,765.0,,,,
10:12:11.892,-107307.0,,764.0,,,,
10:12:11.898,-107335.0,,765.0,,,,
10:12:11.902,-107319.0,,763.0,,,,
10:12:11.906,-107330.0,,764.0,,,,
10:12:11.909,-107348.0,,764.0,,,,
10:12:11.909,-107359.0,,766.0,,,,
10:12:11.921,-107352.0,,762.0,,,,
10:12:11.925,-107367.0,,764.0,,,,
10:12:11.925,-107357.0,,768.0,,,,
10:12:11.925,-107369.0,,765.0,,,,
10:12:11.925,-107379.0,,766.0,,,,
10:12:11.941,-107375.0,,766.0,,,,
10:12:11.941,-107371.0,,767.0,,,,
10:12:11.941,-107387.0,,767.0,,,,
10:12:11.941,-107389.0,,764.0,,,,
10:12:11.961,-107383.0,,766.0,,,,
10:12:11.965,-107382.0,,766.0,,,,
10:12:11.965,-107389.0,,765.0,,,,
10:12:11.975,-107383.0,,764.0,,,,
10:12:11.977,-107378.0,,766.0,,,,
10:12:11.977,-107385.0,,767.0,,,,
10:12:11.990,-107403.0,,777.0,,,,
10:12:11.994,-107411.0,,778.0,,,,
10:12:11.998,-107395.0,,777.0,,,,
10:12:12.004,-107391.0,,776.0,,,,
10:12:12.008,-107407.0,,775.0,,,,
10:12:12.013,-107378.0,,774.0,,,,
10:12:12.017,-107385.0,,775.0,,,,
10:12:12.020,-107397.0,,766.0,,,,
10:12:12.026,-107404.0,,776.0,,,,
10:12:12.033,-107406.0,,766.0,,,,
10:12:12.036,-107415.0,,766.0,,,,
10:12:12.036,-107407.0,,767.0,,,,
10:12:12.046,-107437.0,,766.0,,,,
10:12:12.051,-107421.0,,764.0,,,,
10:12:12.051,-107423.0,,767.0,,,,
10:12:12.051,-107432.0,,766.0,,,,
10:12:12.067,-107444.0,,766.0,,,,
10:12:12.067,-107460.0,,765.0,,,,
10:12:12.067,-107466.0,,765.0,,,,
10:12:12.067,-107472.0,,766.0,,,,
10:12:12.083,-107471.0,,765.0,,,,
10:12:12.083,-107482.0,,764.0,,,,
10:12:12.083,-107483.0,,766.0,,,,
10:12:12.099,-107502.0,,767.0,,,,
10:12:12.099,-107499.0,,767.0,,,,
10:12:12.099,-107498.0,,765.0,,,,
10:12:12.115,-107505.0,,774.0,,,,
10:12:12.120,-107508.0,,765.0,,,,
10:12:12.120,-107514.0,,765.0,,,,
10:12:12.131,-107520.0,,767.0,,,,
10:12:12.131,-107508.0,,764.0,,,,
10:12:12.145,-107514.0,,766.0,,,,
10:12:12.149,-107525.0,,766.0,,,,
10:12:12.149,-107536.0,,766.0,,,,
10:12:12.166,-107528.0,,766.0,,,,
10:12:12.174,-107525.0,,775.0,,,,
10:12:12.181,-107515.0,,765.0,,,,
10:12:12.186,-107530.0,,764.0,,,,
10:12:12.186,-107533.0,,768.0,,,,
10:12:12.196,-107553.0,,766.0,,,,
10:12:12.203,-107534.0,,767.0,,,,
10:12:12.211,-107526.0,,767.0,,,,
10:12:12.219,-107549.0,,777.0,,,,
10:12:12.223,-107545.0,,776.0,,,,
10:12:12.228,-107548.0,,775.0,,,,
10:12:12.228,-107547.0,,765.0,,,,
10:12:12.237,-107563.0,,766.0,,,,
10:12:12.244,-107559.0,,765.0,,,,
10:12:12.244,-107571.0,,768.0,,,,
10:12:12.254,-107561.0,,765.0,,,,
10:12:12.254,-107579.0,,767.0,,,,
10:12:12.262,-107593.0,,767.0,,,,
10:12:12.262,-107592.0,,766.0,,,,
10:12:12.271,-107593.0,,765.0,,,,
10:12:12.271,-107612.0,,766.0,,,,
10:12:12.278,-107587.0,,767.0,,,,
10:12:12.278,-107592.0,,767.0,,,,
10:12:12.286,-107608.0,,766.0,,,,
10:12:12.295,-107633.0,,775.0,,,,
10:12:12.302,-107620.0,,767.0,,,,
10:12:12.305,-107622.0,,766.0,,,,
10:12:12.314,-107633.0,,766.0,,,,
10:12:12.319,-107646.0,,766.0,,,,
10:12:12.319,-107654.0,,767.0,,,,
10:12:12.329,-107653.0,,767.0,,,,
10:12:12.334,-107672.0,,765.0,,,,
10:12:12.336,-107661.0,,767.0,,,,
10:12:12.344,-107682.0,,766.0,,,,
10:12:12.351,-107681.0,,765.0,,,,
10:12:12.354,-107694.0,,763.0,,,,
10:12:12.362,-107696.0,,765.0,,,,
10:12:12.362,-107698.0,,766.0,,,,
10:12:12.369,-107684.0,,768.0,,,,
10:12:12.369,-107681.0,,764.0,,,,
10:12:12.379,-107658.0,,765.0,,,,
10:12:12.386,-107646.0,,777.0,,,,
10:12:12.386,-107663.0,,766.0,,,,
10:12:12.395,-107633.0,,764.0,,,,
10:12:12.400,-107623.0,,765.0,,,,
10:12:12.406,-107580.0,,767.0,,,,
10:12:12.410,-107556.0,,777.0,,,,
10:12:12.413,-107545.0,,776.0,,,,
10:12:12.421,-107540.0,,776.0,,,,
10:12:12.428,-107522.0,,776.0,,,,
10:12:12.433,-107495.0,,766.0,,,,
10:12:12.436,-107473.0,,767.0,,,,
10:12:12.436,-107440.0,,777.0,,,,
10:12:12.446,-107430.0,,777.0,,,,
10:12:12.453,-107403.0,,775.0,,,,
10:12:12.453,-107375.0,,767.0,,,,
10:12:12.462,-107375.0,,776.0,,,,
10:12:12.462,-107374.0,,775.0,,,,
10:12:12.469,-107360.0,,775.0,,,,
10:12:12.478,-107341.0,,767.0,,,,
10:12:12.478,-107345.0,,776.0,,,,
10:12:12.489,-107317.0,,766.0,,,,
10:12:12.495,-107310.0,,768.0,,,,
10:12:12.495,-107345.0,,766.0,,,,
10:12:12.504,-107324.0,,767.0,,,,
10:12:12.512,-107333.0,,767.0,,,,
10:12:12.512,-107323.0,,766.0,,,,
10:12:12.519,-107325.0,,763.0,,,,
10:12:12.519,-107316.0,,777.0,,,,
10:12:12.528,-107328.0,,776.0,,,,
10:12:12.535,-107328.0,,766.0,,,,
10:12:12.538,-107324.0,,767.0,,,,
10:12:12.546,-107336.0,,766.0,,,,
10:12:12.546,-107324.0,,765.0,,,,
10:12:12.553,-107327.0,,765.0,,,,
10:12:12.561,-107310.0,,765.0,,,,
10:12:12.561,-107322.0,,766.0,,,,
10:12:12.571,-107317.0,,767.0,,,,
10:12:12.578,-107329.0,,765.0,,,,
10:12:12.578,-107334.0,,765.0,,,,
10:12:12.587,-107331.0,,764.0,,,,
10:12:12.587,-107329.0,,766.0,,,,
10:12:12.594,-107336.0,,766.0,,,,
10:12:12.594,-107326.0,,764.0,,,,
10:12:12.605,-107333.0,,767.0,,,,
10:12:12.611,-107326.0,,768.0,,,,
10:12:12.611,-107324.0,,767.0,,,,
10:12:12.619,-107336.0,,778.0,,,,
10:12:12.619,-107334.0,,774.0,,,,
10:12:12.629,-107332.0,,766.0,,,,
10:12:12.636,-107335.0,,766.0,,,,
10:12:12.636,-107352.0,,767.0,,,,
10:12:12.644,-107356.0,,766.0,,,,
10:12:12.644,-107344.0,,767.0,,,,
10:12:12.655,-107350.0,,766.0,,,,
10:12:12.659,-107359.0,,764.0,,,,
10:12:12.665,-107350.0,,768.0,,,,
10:12:12.669,-107357.0,,764.0,,,,
10:12:12.669,-107376.0,,767.0,,,,
10:12:12.679,-107366.0,,766.0,,,,
10:12:12.679,-107366.0,,765.0,,,,
10:12:12.686,-107350.0,,766.0,,,,
10:12:12.686,-107351.0,,764.0,,,,
10:12:12.695,-107365.0,,764.0,,,,
10:12:12.703,-107373.0,,767.0,,,,
10:12:12.707,-107372.0,,765.0,,,,
10:12:12.712,-107361.0,,764.0,,,,
10:12:12.712,-107359.0,,766.0,,,,
10:12:12.719,-107368.0,,765.0,,,,
10:12:12.728,-107336.0,,765.0,,,,
10:12:12.728,-107342.0,,764.0,,,,
10:12:12.736,-107355.0,,765.0,,,,
10:12:12.736,-107346.0,,765.0,,,,
10:12:12.744,-107311.0,,765.0,,,,
10:12:12.744,-107315.0,,764.0,,,,
10:12:12.753,-107326.0,,764.0,,,,
10:12:12.753,-107320.0,,766.0,,,,
10:12:12.763,-107321.0,,763.0,,,,
10:12:12.769,-107318.0,,763.0,,,,
10:12:12.769,-107302.0,,766.0,,,,
10:12:12.779,-107296.0,,765.0,,,,
10:12:12.779,-107286.0,,763.0,,,,
10:12:12.786,-107280.0,,763.0,,,,
10:12:12.786,-107278.0,,764.0,,,,
10:12:12.795,-107286.0,,766.0,,,,
10:12:12.795,-107282.0,,766.0,,,,
10:12:12.805,-107276.0,,764.0,,,,
10:12:12.810,-107291.0,,776.0,,,,
10:12:12.811,-107270.0,,776.0,,,,
10:12:12.819,-107292.0,,766.0,,,,
10:12:12.821,-107295.0,,764.0,,,,
10:12:12.828,-107284.0,,766.0,,,,
10:12:12.828,-107305.0,,767.0,,,,
10:12:12.836,-107281.0,,765.0,,,,
10:12:12.840,-107269.0,,764.0,,,,
10:12:12.844,-107265.0,,765.0,,,,
10:12:12.844,-107283.0,,766.0,,,,
10:12:12.853,-107293.0,,765.0,,,,
10:12:12.853,-107308.0,,764.0,,,,
10:12:12.861,-107298.0,,765.0,,,,
10:12:12.861,-107306.0,,765.0,,,,
10:12:12.869,-107313.0,,765.0,,,,
10:12:12.878,-107312.0,,764.0,,,,
10:12:12.881,-107329.0,,764.0,,,,
10:12:12.885,-107331.0,,768.0,,,,
10:12:12.891,-107355.0,,765.0,,,,
10:12:12.895,-107343.0,,764.0,,,,
10:12:12.902,-107368.0,,776.0,,,,
10:12:12.903,-107378.0,,776.0,,,,
10:12:12.913,-107377.0,,766.0,,,,
10:12:12.917,-107391.0,,765.0,,,,
10:12:12.919,-107412.0,,775.0,,,,
10:12:12.928,-107395.0,,766.0,,,,
10:12:12.928,-107407.0,,766.0,,,,
10:12:12.938,-107394.0,,764.0,,,,
10:12:12.938,-107407.0,,766.0,,,,
10:12:12.945,-107418.0,,767.0,,,,
10:12:12.945,-107421.0,,765.0,,,,
10:12:12.954,-107428.0,,764.0,,,,
10:12:12.960,-107439.0,,766.0,,,,
10:12:12.961,-107414.0,,766.0,,,,
10:12:12.970,-107429.0,,765.0,,,,
10:12:12.977,-107473.0,,764.0,,,,
10:12:12.982,-107440.0,,765.0,,,,
10:12:12.985,-107451.0,,767.0,,,,
10:12:12.985,-107460.0,,780.0,,,,
10:12:12.994,-107500.0,,766.0,,,,
10:12:12.994,-107464.0,,762.0,,,,
10:12:13.002,-107472.0,,759.0,,,,
10:12:13.002,-107460.0,,762.0,,,,
10:12:13.018,-107468.0,,760.0,,,,
10:12:13.018,-107469.0,,762.0,,,,
10:12:13.018,-107480.0,,764.0,,,,
10:12:13.036,-107466.0,,766.0,,,,
10:12:13.042,-107468.0,,761.0,,,,
10:12:13.048,-107472.0,,763.0,,,,
10:12:13.050,-107489.0,,766.0,,,,
10:12:13.050,-107483.0,,764.0,,,,
10:12:13.066,-107494.0,,761.0,,,,
10:12:13.066,-107503.0,,766.0,,,,
10:12:13.066,-107500.0,,766.0,,,,
10:12:13.083,-107506.0,,767.0,,,,
10:12:13.087,-107515.0,,765.0,,,,
10:12:13.097,-107527.0,,767.0,,,,
10:12:13.097,-107536.0,,767.0,,,,
10:12:13.097,-107560.0,,766.0,,,,
10:12:13.097,-107551.0,,765.0,,,,
10:12:13.118,-107561.0,,767.0,,,,
10:12:13.124,-107567.0,,766.0,,,,
10:12:13.140,-107589.0,,775.0,,,,
10:12:13.144,-107573.0,,764.0,,,,
10:12:13.144,-107577.0,,775.0,,,,
10:12:13.154,-107583.0,,767.0,,,,
10:12:13.165,-107581.0,,766.0,,,,
10:12:13.171,-107595.0,,766.0,,,,
10:12:13.176,-107598.0,,768.0,,,,
10:12:13.184,-107584.0,,767.0,,,,
10:12:13.187,-107603.0,,775.0,,,,
10:12:13.192,-107595.0,,767.0,,,,
10:12:13.192,-107602.0,,779.0,,,,
10:12:13.207,-107619.0,,776.0,,,,
10:12:13.212,-107594.0,,776.0,,,,
10:12:13.212,-107614.0,,767.0,,,,
10:12:13.224,-107611.0,,766.0,,,,
10:12:13.224,-107612.0,,775.0,,,,
10:12:13.224,-107622.0,,776.0,,,,
10:12:13.240,-107613.0,,777.0,,,,
10:12:13.240,-107618.0,,776.0,,,,
10:12:13.240,-107619.0,,776.0,,,,
10:12:13.240,-107626.0,,766.0,,,,
10:12:13.255,-107628.0,,766.0,,,,
10:12:13.255,-107622.0,,767.0,,,,
10:12:13.255,-107634.0,,776.0,,,,
10:12:13.271,-107621.0,,766.0,,,,
10:12:13.271,-107640.0,,765.0,,,,
10:12:13.271,-107635.0,,765.0,,,,
10:12:13.292,-107642.0,,765.0,,,,
10:12:13.298,-107648.0,,774.0,,,,
10:12:13.304,-107663.0,,763.0,,,,
10:12:13.309,-107665.0,,766.0,,,,
10:12:13.315,-107664.0,,775.0,,,,
10:12:13.320,-107667.0,,775.0,,,,
10:12:13.326,-107698.0,,764.0,,,,
10:12:13.331,-107682.0,,767.0,,,,
10:12:13.337,-107699.0,,767.0,,,,
10:12:13.343,-107705.0,,765.0,,,,
10:12:13.350,-107717.0,,763.0,,,,
10:12:13.356,-107719.0,,766.0,,,,
10:12:13.362,-107736.0,,767.0,,,,
10:12:13.368,-107741.0,,765.0,,,,
10:12:13.375,-107738.0,,767.0,,,,
10:12:13.381,-107749.0,,764.0,,,,
10:12:13.388,-107739.0,,767.0,,,,
10:12:13.393,-107723.0,,768.0,,,,
10:12:13.400,-107744.0,,765.0,,,,
10:12:13.404,-107756.0,,766.0,,,,
10:12:13.410,-107766.0,,765.0,,,,
10:12:13.416,-107758.0,,764.0,,,,
10:12:13.422,-107745.0,,764.0,,,,
10:12:13.430,-107727.0,,765.0,,,,
10:12:13.438,-107760.0,,765.0,,,,
10:12:13.445,-107760.0,,764.0,,,,
10:12:13.455,-107767.0,,764.0,,,,
10:12:13.463,-107755.0,,766.0,,,,
10:12:13.472,-107756.0,,773.0,,,,
10:12:13.481,-107748.0,,777.0,,,,
10:12:13.488,-107741.0,,768.0,,,,
10:12:13.496,-107729.0,,775.0,,,,
10:12:13.502,-107696.0,,767.0,,,,
10:12:13.509,-107681.0,,767.0,,,,
10:12:13.517,-107641.0,,767.0,,,,
10:12:13.526,-107616.0,,768.0,,,,
10:12:13.534,-107596.0,,766.0,,,,
10:12:13.543,-107569.0,,776.0,,,,
10:12:13.551,-107556.0,,767.0,,,,
10:12:13.558,-107509.0,,774.0,,,,
10:12:13.565,-107500.0,,775.0,,,,
10:12:13.573,-107492.0,,777.0,,,,
10:12:13.580,-107470.0,,776.0,,,,
10:12:13.587,-107444.0,,776.0,,,,
10:12:13.595,-107435.0,,768.0,,,,
10:12:13.602,-107414.0,,774.0,,,,
10:12:13.609,-107410.0,,765.0,,,,
10:12:13.617,-107396.0,,768.0,,,,
10:12:13.624,-107388.0,,766.0,,,,
10:12:13.634,-107372.0,,765.0,,,,
10:12:13.642,-107363.0,,765.0,,,,
10:12:13.653,-107364.0,,776.0,,,,
10:12:13.661,-107352.0,,775.0,,,,
10:12:13.669,-107334.0,,774.0,,,,
10:12:13.678,-107357.0,,765.0,,,,
10:12:13.689,-107350.0,,775.0,,,,
10:12:13.699,-107346.0,,775.0,,,,
10:12:13.709,-107358.0,,766.0,,,,
10:12:13.719,-107381.0,,764.0,,,,
10:12:13.729,-107363.0,,766.0,,,,
10:12:13.738,-107371.0,,774.0,,,,
10:12:13.747,-107374.0,,766.0,,,,
10:12:13.756,-107359.0,,764.0,,,,
10:12:13.763,-107386.0,,767.0,,,,
10:12:13.770,-107383.0,,765.0,,,,
10:12:13.776,-107376.0,,765.0,,,,
10:12:13.783,-107389.0,,763.0,,,,
10:12:13.790,-107381.0,,765.0,,,,
10:12:13.797,-107382.0,,765.0,,,,
10:12:13.803,-107377.0,,776.0,,,,
10:12:13.809,-107394.0,,765.0,,,,
10:12:13.816,-107396.0,,766.0,,,,
10:12:13.823,-107384.0,,775.0,,,,
10:12:13.831,-107372.0,,763.0,,,,
10:12:13.837,-107401.0,,765.0,,,,
10:12:13.844,-107400.0,,766.0,,,,
10:12:13.851,-107407.0,,766.0,,,,
10:12:13.858,-107381.0,,764.0,,,,
10:12:13.865,-107409.0,,764.0,,,,
10:12:13.870,-107410.0,,766.0,,,,
10:12:13.877,-107426.0,,767.0,,,,
10:12:13.885,-107447.0,,764.0,,,,
10:12:13.893,-107447.0,,764.0,,,,
10:12:13.899,-107437.0,,765.0,,,,
10:12:13.905,-107463.0,,764.0,,,,
10:12:13.909,-107476.0,,764.0,,,,
10:12:13.915,-107481.0,,765.0,,,,
10:12:13.921,-107497.0,,766.0,,,,
10:12:13.928,-107514.0,,765.0,,,,
10:12:13.935,-107507.0,,765.0,,,,
10:12:13.942,-107510.0,,768.0,,,,
10:12:13.948,-107508.0,,776.0,,,,
10:12:13.954,-107509.0,,767.0,,,,
10:12:13.960,-107497.0,,767.0,,,,
10:12:13.968,-107503.0,,767.0,,,,
10:12:13.976,-107517.0,,768.0,,,,
10:12:13.983,-107480.0,,766.0,,,,
10:12:13.990,-107461.0,,764.0,,,,
10:12:13.997,-107460.0,,767.0,,,,
10:12:14.003,-107462.0,,766.0,,,,
10:12:14.009,-107447.0,,765.0,,,,
10:12:14.014,-107443.0,,765.0,,,,
10:12:14.020,-107423.0,,766.0,,,,
10:12:14.026,-107423.0,,765.0,,,,
10:12:14.035,-107410.0,,766.0,,,,
10:12:14.043,-107392.0,,765.0,,,,
10:12:14.050,-107399.0,,766.0,,,,
10:12:14.057,-107359.0,,765.0,,,,
10:12:14.066,-107380.0,,765.0,,,,
10:12:14.073,-107367.0,,777.0,,,,
10:12:14.081,-107365.0,,775.0,,,,
10:12:14.088,-107354.0,,777.0,,,,
10:12:14.095,-107340.0,,767.0,,,,
10:12:14.099,-107333.0,,765.0,,,,
10:12:14.106,-107331.0,,766.0,,,,
10:12:14.111,-107339.0,,767.0,,,,
10:12:14.118,-107333.0,,766.0,,,,
10:12:14.125,-107339.0,,765.0,,,,
10:12:14.133,-107348.0,,764.0,,,,
10:12:14.138,-107341.0,,764.0,,,,
10:12:14.145,-107342.0,,763.0,,,,
10:12:14.154,-107340.0,,764.0,,,,
10:12:14.162,-107339.0,,765.0,,,,
10:12:14.170,-107337.0,,763.0,,,,
10:12:14.179,-107342.0,,776.0,,,,
10:12:14.187,-107341.0,,765.0,,,,
10:12:14.196,-107358.0,,765.0,,,,
10:12:14.206,-107365.0,,776.0,,,,
10:12:14.216,-107374.0,,766.0,,,,
10:12:14.227,-107369.0,,766.0,,,,
10:12:14.237,-107373.0,,766.0,,,,
10:12:14.248,-107385.0,,766.0,,,,
10:12:14.254,-107380.0,,767.0,,,,
10:12:14.259,-107387.0,,765.0,,,,
10:12:14.265,-107381.0,,765.0,,,,
10:12:14.271,-107403.0,,767.0,,,,
10:12:14.276,-107394.0,,766.0,,,,
10:12:14.281,-107382.0,,764.0,,,,
10:12:14.287,-107397.0,,764.0,,,,
10:12:14.291,-107389.0,,764.0,,,,
10:12:14.296,-107410.0,,765.0,,,,
10:12:14.301,-107394.0,,762.0,,,,
10:12:14.306,-107392.0,,764.0,,,,
10:12:14.311,-107402.0,,765.0,,,,
10:12:14.316,-107398.0,,765.0,,,,
10:12:14.321,-107396.0,,764.0,,,,
10:12:14.326,-107407.0,,764.0,,,,
10:12:14.331,-107423.0,,765.0,,,,
10:12:14.336,-107420.0,,764.0,,,,
10:12:14.341,-107430.0,,778.0,,,,
10:12:14.346,-107420.0,,775.0,,,,
10:12:14.351,-107421.0,,768.0,,,,
10:12:14.356,-107420.0,,767.0,,,,
10:12:14.361,-107414.0,,765.0,,,,
10:12:14.366,-107426.0,,766.0,,,,
10:12:14.371,-107437.0,,775.0,,,,
10:12:14.376,-107409.0,,766.0,,,,
10:12:14.381,-107407.0,,765.0,,,,
10:12:14.387,-107416.0,,776.0,,,,
10:12:14.391,-107397.0,,775.0,,,,
10:12:14.397,-107419.0,,767.0,,,,
10:12:14.401,-107422.0,,766.0,,,,
10:12:14.406,-107420.0,,774.0,,,,
10:12:14.411,-107422.0,,767.0,,,,
10:12:14.416,-107395.0,,766.0,,,,
10:12:14.420,-107413.0,,765.0,,,,
10:12:14.424,-107447.0,,765.0,,,,
10:12:14.429,-107447.0,,766.0,,,,
10:12:14.434,-107449.0,,764.0,,,,
10:12:14.439,-107447.0,,764.0,,,,
10:12:14.443,-107452.0,,764.0,,,,
10:12:14.449,-107463.0,,767.0,,,,
10:12:14.453,-107463.0,,765.0,,,,
10:12:14.458,-107473.0,,763.0,,,,
10:12:14.463,-107482.0,,765.0,,,,
10:12:14.468,-107485.0,,766.0,,,,
10:12:14.475,-107465.0,,762.0,,,,
10:12:14.481,-107495.0,,762.0,,,,
10:12:14.489,-107497.0,,766.0,,,,
10:12:14.496,-107493.0,,766.0,,,,
10:12:14.502,-107507.0,,764.0,,,,
10:12:14.508,-107505.0,,762.0,,,,
10:12:14.513,-107515.0,,762.0,,,,
10:12:14.517,-107520.0,,765.0,,,,
10:12:14.523,-107508.0,,763.0,,,,
10:12:14.528,-107502.0,,762.0,,,,
10:12:14.533,-107512.0,,763.0,,,,
10:12:14.538,-107511.0,,767.0,,,,
10:12:14.543,-107487.0,,767.0,,,,
10:12:14.548,-107513.0,,774.0,,,,
10:12:14.553,-107509.0,,780.0,,,,
10:12:14.558,-107504.0,,780.0,,,,
10:12:14.563,-107500.0,,778.0,,,,
10:12:14.568,-107494.0,,778.0,,,,
10:12:14.574,-107500.0,,778.0,,,,
10:12:14.582,-107504.0,,779.0,,,,
10:12:14.589,-107489.0,,778.0,,,,
10:12:14.595,-107499.0,,778.0,,,,
10:12:14.600,-107487.0,,777.0,,,,
10:12:14.608,-107486.0,,777.0,,,,
10:12:14.614,-107493.0,,775.0,,,,
10:12:14.623,-107496.0,,777.0,,,,
10:12:14.631,-107510.0,,767.0,,,,
10:12:14.639,-107505.0,,778.0,,,,
10:12:14.659,-107513.0,,775.0,,,,
10:12:14.664,-107511.0,,767.0,,,,
10:12:14.671,-107533.0,,775.0,,,,
10:12:14.676,-107541.0,,776.0,,,,
10:12:14.681,-107540.0,,775.0,,,,
10:12:14.687,-107563.0,,766.0,,,,
10:12:14.692,-107564.0,,768.0,,,,
10:12:14.698,-107566.0,,768.0,,,,
10:12:14.703,-107573.0,,767.0,,,,
10:12:14.709,-107575.0,,766.0,,,,
10:12:14.716,-107602.0,,767.0,,,,
10:12:14.722,-107600.0,,775.0,,,,
10:12:14.728,-107571.0,,766.0,,,,
10:12:14.734,-107567.0,,766.0,,,,
10:12:14.740,-107578.0,,766.0,,,,
10:12:14.745,-107579.0,,776.0,,,,
10:12:14.750,-107592.0,,776.0,,,,
10:12:14.755,-107590.0,,767.0,,,,
10:12:14.760,-107586.0,,776.0,,,,
10:12:14.765,-107566.0,,776.0,,,,
10:12:14.770,-107583.0,,774.0,,,,
10:12:14.774,-107593.0,,767.0,,,,
10:12:14.780,-107617.0,,768.0,,,,
10:12:14.784,-107604.0,,777.0,,,,
10:12:14.789,-107622.0,,777.0,,,,
10:12:14.795,-107631.0,,767.0,,,,
10:12:14.800,-107641.0,,781.0,,,,
10:12:14.805,-107635.0,,780.0,,,,
10:12:14.809,-107646.0,,779.0,,,,
10:12:14.814,-107628.0,,775.0,,,,
10:12:14.820,-107647.0,,776.0,,,,
10:12:14.824,-107629.0,,780.0,,,,
10:12:14.829,-107609.0,,776.0,,,,
10:12:14.834,-107586.0,,777.0,,,,
10:12:14.839,-107594.0,,777.0,,,,
10:12:14.844,-107578.0,,778.0,,,,
10:12:14.849,-107558.0,,777.0,,,,
10:12:14.853,-107545.0,,767.0,,,,
10:12:14.858,-107538.0,,768.0,,,,
10:12:14.863,-107516.0,,768.0,,,,
10:12:14.868,-107483.0,,766.0,,,,
10:12:14.873,-107487.0,,765.0,,,,
10:12:14.878,-107433.0,,776.0,,,,
10:12:14.882,-107436.0,,768.0,,,,
10:12:14.887,-107403.0,,767.0,,,,
10:12:14.892,-107396.0,,766.0,,,,
10:12:14.897,-107371.0,,775.0,,,,
10:12:14.901,-107380.0,,776.0,,,,
10:12:14.907,-107337.0,,777.0,,,,
10:12:14.914,-107335.0,,777.0,,,,
10:12:14.921,-107332.0,,778.0,,,,
10:12:14.925,-107333.0,,778.0,,,,
10:12:14.930,-107315.0,,781.0,,,,
10:12:14.935,-107300.0,,777.0,,,,
10:12:14.942,-107322.0,,778.0,,,,
10:12:14.951,-107310.0,,776.0,,,,
10:12:14.958,-107278.0,,777.0,,,,
10:12:14.964,-107310.0,,778.0,,,,
10:12:14.969,-107314.0,,778.0,,,,
10:12:14.974,-107297.0,,780.0,,,,
10:12:14.983,-107302.0,,778.0,,,,
10:12:14.989,-107321.0,,777.0,,,,
10:12:14.994,-107336.0,,778.0,,,,
10:12:15.000,-107341.0,,778.0,,,,
10:12:15.007,-107340.0,,776.0,,,,
10:12:15.013,-107357.0,,768.0,,,,
10:12:15.017,-107374.0,,777.0,,,,
10:12:15.024,-107372.0,,781.0,,,,
10:12:15.031,-107395.0,,778.0,,,,
10:12:15.037,-107387.0,,777.0,,,,
10:12:15.046,-107398.0,,779.0,,,,
10:12:15.056,-107391.0,,778.0,,,,
10:12:15.065,-107381.0,,776.0,,,,
10:12:15.071,-107383.0,,766.0,,,,
10:12:15.079,-107365.0,,776.0,,,,
10:12:15.088,-107363.0,,775.0,,,,
10:12:15.096,-107356.0,,775.0,,,,
10:12:15.107,-107348.0,,764.0,,,,
10:12:15.112,-107351.0,,775.0,,,,
10:12:15.119,-107336.0,,777.0,,,,
10:12:15.124,-107323.0,,776.0,,,,
10:12:15.131,-107311.0,,775.0,,,,
10:12:15.137,-107285.0,,777.0,,,,
10:12:15.146,-107293.0,,777.0,,,,
10:12:15.151,-107302.0,,778.0,,,,
10:12:15.160,-107265.0,,768.0,,,,
10:12:15.165,-107250.0,,777.0,,,,
10:12:15.172,-107261.0,,776.0,,,,
10:12:15.177,-107248.0,,766.0,,,,
10:12:15.183,-107241.0,,766.0,,,,
10:12:15.189,-107219.0,,776.0,,,,
10:12:15.194,-107226.0,,767.0,,,,
10:12:15.199,-107218.0,,765.0,,,,
10:12:15.205,-107209.0,,765.0,,,,
10:12:15.211,-107210.0,,774.0,,,,
10:12:15.216,-107208.0,,767.0,,,,
10:12:15.222,-107203.0,,765.0,,,,
10:12:15.227,-107199.0,,765.0,,,,
10:12:15.233,-107197.0,,767.0,,,,
10:12:15.239,-107193.0,,765.0,,,,
10:12:15.246,-107197.0,,764.0,,,,
10:12:15.252,-107191.0,,764.0,,,,
10:12:15.260,-107187.0,,765.0,,,,
10:12:15.266,-107189.0,,766.0,,,,
10:12:15.273,-107198.0,,764.0,,,,
10:12:15.279,-107191.0,,764.0,,,,
10:12:15.283,-107191.0,,766.0,,,,
10:12:15.285,-107227.0,,778.0,,,,
10:12:15.296,-107204.0,,778.0,,,,
10:12:15.304,-107210.0,,777.0,,,,
10:12:15.308,-107203.0,,779.0,,,,
10:12:15.314,-107199.0,,777.0,,,,
10:12:15.319,-107176.0,,776.0,,,,
10:12:15.327,-107190.0,,779.0,,,,
10:12:15.327,-107182.0,,778.0,,,,
10:12:15.343,-107160.0,,779.0,,,,
10:12:15.353,-107162.0,,777.0,,,,
10:12:15.359,-107164.0,,777.0,,,,
10:12:15.365,-107163.0,,781.0,,,,
10:12:15.371,-107178.0,,779.0,,,,
10:12:15.374,-107156.0,,777.0,,,,
10:12:15.383,-107145.0,,778.0,,,,
10:12:15.390,-107145.0,,781.0,,,,
10:12:15.394,-107167.0,,778.0,,,,
10:12:15.394,-107142.0,,778.0,,,,
10:12:15.406,-107153.0,,778.0,,,,
10:12:15.410,-107151.0,,781.0,,,,
10:12:15.410,-107161.0,,780.0,,,,
10:12:15.424,-107149.0,,780.0,,,,
10:12:15.427,-107153.0,,781.0,,,,
10:12:15.427,-107156.0,,791.0,,,,
10:12:15.435,-107164.0,,791.0,,,,
10:12:15.435,-107151.0,,782.0,,,,
10:12:15.435,-107170.0,,782.0,,,,
10:12:15.452,-107180.0,,781.0,,,,
10:12:15.452,-107162.0,,781.0,,,,
10:12:15.452,-107185.0,,781.0,,,,
10:12:15.471,-107183.0,,777.0,,,,
10:12:15.477,-107181.0,,777.0,,,,
10:12:15.477,-107189.0,,779.0,,,,
10:12:15.485,-107173.0,,776.0,,,,
10:12:15.485,-107185.0,,779.0,,,,
10:12:15.494,-107183.0,,782.0,,,,
10:12:15.494,-107195.0,,783.0,,,,
10:12:15.502,-107205.0,,811.0,,,,
10:12:15.510,-107232.0,,796.0,,,,
10:12:15.517,-107209.0,,794.0,,,,
10:12:15.519,-107226.0,,782.0,,,,
10:12:15.527,-107227.0,,783.0,,,,
10:12:15.527,-107214.0,,783.0,,,,
10:12:15.539,-107228.0,,783.0,,,,
10:12:15.544,-107219.0,,777.0,,,,
10:12:15.544,-107231.0,,776.0,,,,
10:12:15.552,-107242.0,,777.0,,,,
10:12:15.560,-107215.0,,776.0,,,,
10:12:15.560,-107230.0,,775.0,,,,
10:12:15.569,-107253.0,,766.0,,,,
10:12:15.577,-107265.0,,764.0,,,,
10:12:15.577,-107277.0,,777.0,,,,
10:12:15.577,-107286.0,,768.0,,,,
10:12:15.577,-107311.0,,765.0,,,,
10:12:15.593,-107300.0,,765.0,,,,
10:12:15.593,-107335.0,,765.0,,,,
10:12:15.602,-107338.0,,763.0,,,,
10:12:15.611,-107366.0,,763.0,,,,
10:12:15.612,-107361.0,,762.0,,,,
10:12:15.619,-107399.0,,761.0,,,,
10:12:15.619,-107408.0,,763.0,,,,
10:12:15.627,-107425.0,,762.0,,,,
10:12:15.627,-107451.0,,762.0,,,,
10:12:15.642,-107459.0,,761.0,,,,
10:12:15.649,-107464.0,,762.0,,,,
10:12:15.650,-107455.0,,761.0,,,,
10:12:15.658,-107470.0,,762.0,,,,
10:12:15.665,-107497.0,,763.0,,,,
10:12:15.667,-107514.0,,762.0,,,,
10:12:15.674,-107529.0,,765.0,,,,
10:12:15.677,-107539.0,,765.0,,,,
10:12:15.677,-107550.0,,776.0,,,,
10:12:15.690,-107537.0,,766.0,,,,
10:12:15.695,-107536.0,,767.0,,,,
10:12:15.695,-107513.0,,767.0,,,,
10:12:15.706,-107504.0,,774.0,,,,
10:12:15.706,-107520.0,,776.0,,,,
10:12:15.712,-107506.0,,777.0,,,,
10:12:15.719,-107498.0,,778.0,,,,
10:12:15.722,-107490.0,,781.0,,,,
10:12:15.727,-107498.0,,780.0,,,,
10:12:15.727,-107485.0,,778.0,,,,
10:12:15.735,-107489.0,,779.0,,,,
10:12:15.735,-107489.0,,777.0,,,,
10:12:15.744,-107492.0,,768.0,,,,
10:12:15.744,-107496.0,,776.0,,,,
10:12:15.752,-107489.0,,775.0,,,,
10:12:15.761,-107500.0,,776.0,,,,
10:12:15.761,-107513.0,,777.0,,,,
10:12:15.771,-107521.0,,776.0,,,,
10:12:15.778,-107542.0,,778.0,,,,
10:12:15.778,-107547.0,,776.0,,,,
10:12:15.786,-107542.0,,776.0,,,,
10:12:15.794,-107563.0,,776.0,,,,
10:12:15.797,-107564.0,,777.0,,,,
10:12:15.803,-107584.0,,777.0,,,,
10:12:15.803,-107578.0,,777.0,,,,
10:12:15.811,-107594.0,,775.0,,,,
10:12:15.819,-107587.0,,776.0,,,,
10:12:15.819,-107591.0,,776.0,,,,
10:12:15.827,-107603.0,,777.0,,,,
10:12:15.827,-107603.0,,777.0,,,,
10:12:15.837,-107606.0,,779.0,,,,
10:12:15.841,-107622.0,,777.0,,,,
10:12:15.847,-107618.0,,778.0,,,,
10:12:15.851,-107604.0,,777.0,,,,
10:12:15.857,-107604.0,,777.0,,,,
10:12:15.863,-107589.0,,779.0,,,,
10:12:15.867,-107588.0,,767.0,,,,
10:12:15.873,-107580.0,,767.0,,,,
10:12:15.875,-107566.0,,779.0,,,,
10:12:15.875,-107564.0,,777.0,,,,
10:12:15.875,-107544.0,,780.0,,,,
10:12:15.891,-107514.0,,776.0,,,,
10:12:15.891,-107489.0,,776.0,,,,
10:12:15.891,-107467.0,,777.0,,,,
10:12:15.891,-107451.0,,776.0,,,,
10:12:15.912,-107435.0,,776.0,,,,
10:12:15.915,-107376.0,,778.0,,,,
10:12:15.921,-107370.0,,782.0,,,,
10:12:15.928,-107338.0,,780.0,,,,
10:12:15.928,-107315.0,,779.0,,,,
10:12:15.936,-107283.0,,779.0,,,,
10:12:15.944,-107256.0,,778.0,,,,
10:12:15.944,-107244.0,,776.0,,,,
10:12:15.953,-107233.0,,776.0,,,,
10:12:15.953,-107197.0,,776.0,,,,
10:12:15.961,-107170.0,,778.0,,,,
10:12:15.969,-107156.0,,777.0,,,,
10:12:15.969,-107165.0,,768.0,,,,
10:12:15.978,-107164.0,,776.0,,,,
10:12:15.989,-107155.0,,778.0,,,,
10:12:15.995,-107135.0,,778.0,,,,
10:12:16.007,-107132.0,,777.0,,,,
10:12:16.012,-107112.0,,780.0,,,,
10:12:16.027,-107109.0,,778.0,,,,
10:12:16.035,-107105.0,,778.0,,,,
10:12:16.041,-107095.0,,777.0,,,,
10:12:16.049,-107105.0,,780.0,,,,
10:12:16.053,-107093.0,,780.0,,,,
10:12:16.059,-107083.0,,777.0,,,,
10:12:16.059,-107084.0,,777.0,,,,
10:12:16.075,-107081.0,,778.0,,,,
10:12:16.075,-107089.0,,779.0,,,,
10:12:16.075,-107096.0,,778.0,,,,
10:12:16.091,-107094.0,,776.0,,,,
10:12:16.091,-107078.0,,779.0,,,,
10:12:16.107,-107071.0,,777.0,,,,
10:12:16.118,-107105.0,,779.0,,,,
10:12:16.123,-107079.0,,777.0,,,,
10:12:16.123,-107109.0,,778.0,,,,
10:12:16.123,-107097.0,,777.0,,,,
10:12:16.123,-107108.0,,779.0,,,,
10:12:16.140,-107111.0,,777.0,,,,
10:12:16.140,-107130.0,,778.0,,,,
10:12:16.140,-107125.0,,777.0,,,,
10:12:16.155,-107111.0,,776.0,,,,
10:12:16.155,-107124.0,,776.0,,,,
10:12:16.155,-107138.0,,777.0,,,,
10:12:16.170,-107157.0,,782.0,,,,
10:12:16.177,-107153.0,,780.0,,,,
10:12:16.181,-107161.0,,779.0,,,,
10:12:16.186,-107171.0,,778.0,,,,
10:12:16.188,-107163.0,,779.0,,,,
10:12:16.188,-107171.0,,779.0,,,,
10:12:16.188,-107183.0,,781.0,,,,
10:12:16.201,-107173.0,,777.0,,,,
10:12:16.209,-107171.0,,779.0,,,,
10:12:16.209,-107189.0,,779.0,,,,
10:12:16.218,-107183.0,,776.0,,,,
10:12:16.222,-107201.0,,777.0,,,,
10:12:16.226,-107183.0,,777.0,,,,
10:12:16.233,-107174.0,,767.0,,,,
10:12:16.233,-107189.0,,775.0,,,,
10:12:16.233,-107204.0,,776.0,,,,
10:12:16.249,-107197.0,,767.0,,,,
10:12:16.258,-107205.0,,774.0,,,,
10:12:16.265,-107220.0,,767.0,,,,
10:12:16.274,-107221.0,,776.0,,,,
10:12:16.281,-107234.0,,775.0,,,,
10:12:16.287,-107230.0,,767.0,,,,
10:12:16.291,-107246.0,,766.0,,,,
10:12:16.296,-107234.0,,776.0,,,,
10:12:16.303,-107238.0,,767.0,,,,
10:12:16.303,-107245.0,,766.0,,,,
10:12:16.312,-107251.0,,774.0,,,,
10:12:16.312,-107225.0,,768.0,,,,
10:12:16.312,-107238.0,,775.0,,,,
10:12:16.328,-107241.0,,776.0,,,,
10:12:16.328,-107219.0,,768.0,,,,
10:12:16.328,-107218.0,,776.0,,,,
10:12:16.344,-107196.0,,767.0,,,,
10:12:16.344,-107185.0,,775.0,,,,
10:12:16.344,-107180.0,,779.0,,,,
10:12:16.344,-107178.0,,775.0,,,,
10:12:16.360,-107190.0,,777.0,,,,
10:12:16.360,-107176.0,,767.0,,,,
10:12:16.360,-107187.0,,775.0,,,,
10:12:16.378,-107198.0,,777.0,,,,
10:12:16.378,-107172.0,,783.0,,,,
10:12:16.378,-107176.0,,780.0,,,,
10:12:16.378,-107177.0,,780.0,,,,
10:12:16.392,-107181.0,,780.0,,,,
10:12:16.392,-107181.0,,778.0,,,,
10:12:16.392,-107175.0,,778.0,,,,
10:12:16.408,-107159.0,,779.0,,,,
10:12:16.408,-107164.0,,780.0,,,,
10:12:16.421,-107170.0,,779.0,,,,
10:12:16.436,-107164.0,,777.0,,,,
10:12:16.436,-107186.0,,777.0,,,,
10:12:16.444,-107169.0,,778.0,,,,
10:12:16.453,-107192.0,,777.0,,,,
10:12:16.453,-107193.0,,768.0,,,,
10:12:16.465,-107198.0,,775.0,,,,
10:12:16.469,-107195.0,,779.0,,,,
10:12:16.478,-107211.0,,778.0,,,,
10:12:16.483,-107212.0,,776.0,,,,
10:12:16.486,-107238.0,,777.0,,,,
10:12:16.496,-107254.0,,768.0,,,,
10:12:16.496,-107241.0,,776.0,,,,
10:12:16.504,-107251.0,,767.0,,,,
10:12:16.511,-107236.0,,767.0,,,,
10:12:16.519,-107260.0,,776.0,,,,
10:12:16.520,-107257.0,,767.0,,,,
10:12:16.528,-107270.0,,774.0,,,,
10:12:16.536,-107260.0,,767.0,,,,
10:12:16.536,-107274.0,,776.0,,,,
10:12:16.544,-107283.0,,777.0,,,,
10:12:16.553,-107273.0,,776.0,,,,
10:12:16.553,-107287.0,,776.0,,,,
10:12:16.561,-107311.0,,776.0,,,,
10:12:16.569,-107297.0,,777.0,,,,
10:12:16.569,-107294.0,,775.0,,,,
10:12:16.578,-107307.0,,767.0,,,,
10:12:16.586,-107304.0,,776.0,,,,
10:12:16.592,-107324.0,,776.0,,,,
10:12:16.599,-107318.0,,767.0,,,,
10:12:16.603,-107343.0,,776.0,,,,
10:12:16.611,-107333.0,,783.0,,,,
10:12:16.611,-107350.0,,779.0,,,,
10:12:16.619,-107339.0,,777.0,,,,
10:12:16.628,-107350.0,,768.0,,,,
10:12:16.628,-107354.0,,777.0,,,,
10:12:16.636,-107381.0,,777.0,,,,
10:12:16.636,-107372.0,,767.0,,,,
10:12:16.644,-107367.0,,779.0,,,,
10:12:16.653,-107361.0,,777.0,,,,
10:12:16.653,-107381.0,,776.0,,,,
10:12:16.661,-107387.0,,767.0,,,,
10:12:16.661,-107390.0,,767.0,,,,
10:12:16.669,-107394.0,,777.0,,,,
10:12:16.669,-107397.0,,776.0,,,,
10:12:16.678,-107393.0,,776.0,,,,
10:12:16.686,-107402.0,,767.0,,,,
10:12:16.691,-107415.0,,775.0,,,,
10:12:16.694,-107426.0,,776.0,,,,
10:12:16.703,-107444.0,,767.0,,,,
10:12:16.703,-107462.0,,775.0,,,,
10:12:16.711,-107461.0,,776.0,,,,
10:12:16.719,-107458.0,,776.0,,,,
10:12:16.724,-107473.0,,767.0,,,,
10:12:16.728,-107478.0,,768.0,,,,
10:12:16.736,-107499.0,,775.0,,,,
10:12:16.736,-107494.0,,775.0,,,,
10:12:16.744,-107511.0,,768.0,,,,
10:12:16.744,-107488.0,,768.0,,,,
10:12:16.753,-107516.0,,776.0,,,,
10:12:16.762,-107515.0,,776.0,,,,
10:12:16.766,-107542.0,,774.0,,,,
10:12:16.773,-107535.0,,780.0,,,,
10:12:16.778,-107531.0,,779.0,,,,
10:12:16.785,-107530.0,,778.0,,,,
10:12:16.786,-107540.0,,776.0,,,,
10:12:16.794,-107540.0,,775.0,,,,
10:12:16.794,-107546.0,,777.0,,,,
10:12:16.803,-107550.0,,778.0,,,,
10:12:16.811,-107556.0,,776.0,,,,
10:12:16.811,-107581.0,,778.0,,,,
10:12:16.819,-107573.0,,783.0,,,,
10:12:16.819,-107571.0,,780.0,,,,
10:12:16.828,-107578.0,,778.0,,,,
10:12:16.836,-107594.0,,778.0,,,,
10:12:16.836,-107602.0,,780.0,,,,
10:12:16.844,-107593.0,,778.0,,,,
10:12:16.852,-107590.0,,776.0,,,,
10:12:16.853,-107596.0,,776.0,,,,
10:12:16.861,-107608.0,,777.0,,,,
10:12:16.861,-107607.0,,777.0,,,,
10:12:16.869,-107624.0,,775.0,,,,
10:12:16.869,-107639.0,,776.0,,,,
10:12:16.879,-107625.0,,777.0,,,,
10:12:16.879,-107623.0,,776.0,,,,
10:12:16.887,-107619.0,,776.0,,,,
10:12:16.894,-107596.0,,777.0,,,,
10:12:16.894,-107597.0,,779.0,,,,
10:12:16.903,-107588.0,,776.0,,,,
10:12:16.911,-107584.0,,776.0,,,,
10:12:16.911,-107563.0,,777.0,,,,
10:12:16.922,-107538.0,,777.0,,,,
10:12:16.928,-107502.0,,777.0,,,,
10:12:16.936,-107515.0,,776.0,,,,
10:12:16.941,-107492.0,,776.0,,,,
10:12:16.946,-107448.0,,776.0,,,,
10:12:16.953,-107414.0,,779.0,,,,
10:12:16.958,-107393.0,,776.0,,,,
10:12:16.961,-107368.0,,776.0,,,,
10:12:16.972,-107353.0,,778.0,,,,
10:12:16.978,-107311.0,,776.0,,,,
10:12:16.985,-107299.0,,776.0,,,,
10:12:16.989,-107277.0,,776.0,,,,
10:12:16.994,-107264.0,,778.0,,,,
10:12:17.003,-107244.0,,767.0,,,,
10:12:17.006,-107221.0,,776.0,,,,
10:12:17.011,-107226.0,,768.0,,,,
10:12:17.019,-107207.0,,777.0,,,,
10:12:17.028,-107210.0,,777.0,,,,
10:12:17.031,-107184.0,,776.0,,,,
10:12:17.037,-107199.0,,778.0,,,,
10:12:17.044,-107176.0,,782.0,,,,
10:12:17.053,-107175.0,,781.0,,,,
10:12:17.053,-107169.0,,780.0,,,,
10:12:17.061,-107154.0,,781.0,,,,
10:12:17.069,-107160.0,,779.0,,,,
10:12:17.069,-107152.0,,777.0,,,,
10:12:17.078,-107138.0,,777.0,,,,
10:12:17.082,-107144.0,,782.0,,,,
10:12:17.086,-107134.0,,777.0,,,,
10:12:17.094,-107136.0,,779.0,,,,
10:12:17.094,-107130.0,,776.0,,,,
10:12:17.103,-107152.0,,777.0,,,,
10:12:17.103,-107146.0,,777.0,,,,
10:12:17.111,-107143.0,,777.0,,,,
10:12:17.119,-107119.0,,767.0,,,,
10:12:17.119,-107144.0,,777.0,,,,
10:12:17.128,-107130.0,,776.0,,,,
10:12:17.128,-107155.0,,777.0,,,,
10:12:17.136,-107170.0,,776.0,,,,
10:12:17.146,-107156.0,,777.0,,,,
10:12:17.146,-107144.0,,776.0,,,,
10:12:17.153,-107154.0,,775.0,,,,
10:12:17.161,-107155.0,,776.0,,,,
10:12:17.162,-107148.0,,776.0,,,,
10:12:17.169,-107139.0,,777.0,,,,
10:12:17.169,-107131.0,,768.0,,,,
10:12:17.178,-107151.0,,766.0,,,,
10:12:17.185,-107125.0,,776.0,,,,
10:12:17.188,-107118.0,,775.0,,,,
10:12:17.194,-107124.0,,776.0,,,,
10:12:17.201,-107112.0,,775.0,,,,
10:12:17.206,-107113.0,,776.0,,,,
10:12:17.211,-107113.0,,776.0,,,,
10:12:17.211,-107069.0,,775.0,,,,
10:12:17.225,-107083.0,,768.0,,,,
10:12:17.232,-107077.0,,777.0,,,,
10:12:17.235,-107063.0,,777.0,,,,
10:12:17.243,-107049.0,,779.0,,,,
10:12:17.252,-107061.0,,779.0,,,,
10:12:17.252,-107054.0,,778.0,,,,
10:12:17.252,-107038.0,,791.0,,,,
10:12:17.271,-107045.0,,781.0,,,,
10:12:17.272,-107032.0,,779.0,,,,
10:12:17.283,-107012.0,,781.0,,,,
10:12:17.292,-107006.0,,778.0,,,,
10:12:17.300,-106997.0,,777.0,,,,
10:12:17.307,-106993.0,,776.0,,,,
10:12:17.315,-106980.0,,779.0,,,,
10:12:17.324,-106955.0,,778.0,,,,
10:12:17.333,-106964.0,,777.0,,,,
10:12:17.340,-106959.0,,778.0,,,,
10:12:17.346,-106975.0,,779.0,,,,
10:12:17.351,-106966.0,,777.0,,,,
10:12:17.358,-106949.0,,777.0,,,,
10:12:17.367,-106944.0,,778.0,,,,
10:12:17.378,-106942.0,,779.0,,,,
10:12:17.387,-106956.0,,779.0,,,,
10:12:17.392,-106937.0,,779.0,,,,
10:12:17.400,-106950.0,,776.0,,,,
10:12:17.406,-106953.0,,779.0,,,,
10:12:17.412,-106942.0,,780.0,,,,
10:12:17.418,-106947.0,,776.0,,,,
10:12:17.425,-106949.0,,777.0,,,,
10:12:17.430,-106946.0,,779.0,,,,
10:12:17.435,-106952.0,,779.0,,,,
10:12:17.440,-106934.0,,779.0,,,,
10:12:17.448,-106950.0,,776.0,,,,
10:12:17.453,-106949.0,,776.0,,,,
10:12:17.458,-106960.0,,777.0,,,,
10:12:17.463,-106930.0,,777.0,,,,
10:12:17.469,-106960.0,,776.0,,,,
10:12:17.474,-106967.0,,779.0,,,,
10:12:17.479,-106986.0,,777.0,,,,
10:12:17.483,-106986.0,,777.0,,,,
10:12:17.488,-106985.0,,776.0,,,,
10:12:17.495,-106988.0,,778.0,,,,
10:12:17.501,-106995.0,,777.0,,,,
10:12:17.506,-107001.0,,776.0,,,,
10:12:17.512,-106991.0,,767.0,,,,
10:12:17.520,-107009.0,,777.0,,,,
10:12:17.526,-107007.0,,780.0,,,,
10:12:17.533,-107007.0,,777.0,,,,
10:12:17.540,-107033.0,,777.0,,,,
10:12:17.547,-107036.0,,778.0,,,,
10:12:17.554,-107040.0,,776.0,,,,
10:12:17.560,-107054.0,,767.0,,,,
10:12:17.567,-107057.0,,776.0,,,,
10:12:17.574,-107045.0,,775.0,,,,
10:12:17.580,-107048.0,,775.0,,,,
10:12:17.586,-107054.0,,767.0,,,,
10:12:17.591,-107055.0,,766.0,,,,
10:12:17.596,-107077.0,,765.0,,,,
10:12:17.601,-107099.0,,775.0,,,,
10:12:17.606,-107116.0,,778.0,,,,
10:12:17.610,-107102.0,,778.0,,,,
10:12:17.615,-107115.0,,776.0,,,,
10:12:17.620,-107126.0,,776.0,,,,
10:12:17.625,-107143.0,,766.0,,,,
10:12:17.629,-107158.0,,775.0,,,,
10:12:17.634,-107183.0,,777.0,,,,
10:12:17.639,-107194.0,,775.0,,,,
10:12:17.644,-107186.0,,767.0,,,,
10:12:17.648,-107199.0,,775.0,,,,
10:12:17.653,-107189.0,,777.0,,,,
10:12:17.657,-107209.0,,777.0,,,,
10:12:17.662,-107212.0,,776.0,,,,
10:12:17.667,-107223.0,,777.0,,,,
10:12:17.673,-107227.0,,778.0,,,,
10:12:17.678,-107235.0,,776.0,,,,
10:12:17.684,-107222.0,,776.0,,,,
10:12:17.690,-107241.0,,777.0,,,,
10:12:17.696,-107238.0,,777.0,,,,
10:12:17.701,-107233.0,,777.0,,,,
10:12:17.707,-107247.0,,775.0,,,,
10:12:17.713,-107252.0,,767.0,,,,
10:12:17.717,-107237.0,,779.0,,,,
10:12:17.724,-107257.0,,778.0,,,,
10:12:17.731,-107269.0,,780.0,,,,
10:12:17.737,-107271.0,,794.0,,,,
10:12:17.742,-107308.0,,780.0,,,,
10:12:17.748,-107265.0,,775.0,,,,
10:12:17.753,-107287.0,,763.0,,,,
10:12:17.758,-107285.0,,765.0,,,,
10:12:17.763,-107293.0,,778.0,,,,
10:12:17.768,-107296.0,,776.0,,,,
10:12:17.775,-107299.0,,776.0,,,,
10:12:17.782,-107299.0,,775.0,,,,
10:12:17.789,-107295.0,,777.0,,,,
10:12:17.796,-107302.0,,777.0,,,,
10:12:17.801,-107307.0,,776.0,,,,
10:12:17.807,-107319.0,,777.0,,,,
10:12:17.811,-107326.0,,777.0,,,,
10:12:17.816,-107326.0,,777.0,,,,
10:12:17.821,-107333.0,,777.0,,,,
10:12:17.825,-107353.0,,778.0,,,,
10:12:17.831,-107348.0,,780.0,,,,
10:12:17.837,-107376.0,,779.0,,,,
10:12:17.842,-107388.0,,778.0,,,,
10:12:17.848,-107392.0,,779.0,,,,
10:12:17.854,-107414.0,,780.0,,,,
10:12:17.858,-107386.0,,778.0,,,,
10:12:17.864,-107418.0,,777.0,,,,
10:12:17.868,-107404.0,,779.0,,,,
10:12:17.874,-107390.0,,781.0,,,,
10:12:17.879,-107386.0,,780.0,,,,
10:12:17.884,-107383.0,,778.0,,,,
10:12:17.890,-107363.0,,779.0,,,,
10:12:17.896,-107339.0,,777.0,,,,
10:12:17.904,-107311.0,,780.0,,,,
10:12:17.909,-107303.0,,777.0,,,,
10:12:17.918,-107270.0,,778.0,,,,
10:12:17.927,-107251.0,,781.0,,,,
10:12:17.937,-107216.0,,779.0,,,,
10:12:17.948,-107180.0,,779.0,,,,
10:12:17.956,-107151.0,,778.0,,,,
10:12:17.964,-107122.0,,780.0,,,,
10:12:17.969,-107091.0,,779.0,,,,
10:12:17.974,-107044.0,,778.0,,,,
10:12:17.980,-107039.0,,778.0,,,,
10:12:17.985,-107011.0,,791.0,,,,
10:12:17.991,-106992.0,,782.0,,,,
10:12:17.999,-106963.0,,779.0,,,,
10:12:18.006,-106938.0,,779.0,,,,
10:12:18.012,-106908.0,,778.0,,,,
10:12:18.021,-106907.0,,779.0,,,,
10:12:18.030,-106873.0,,777.0,,,,
10:12:18.037,-106847.0,,778.0,,,,
10:12:18.045,-106832.0,,779.0,,,,
10:12:18.054,-106819.0,,778.0,,,,
10:12:18.061,-106818.0,,777.0,,,,
10:12:18.069,-106817.0,,777.0,,,,
10:12:18.076,-106816.0,,777.0,,,,
10:12:18.083,-106804.0,,776.0,,,,
10:12:18.091,-106806.0,,777.0,,,,
10:12:18.096,-106805.0,,777.0,,,,
10:12:18.101,-106804.0,,776.0,,,,
10:12:18.106,-106830.0,,777.0,,,,
10:12:18.111,-106823.0,,775.0,,,,
10:12:18.117,-106833.0,,775.0,,,,
10:12:18.123,-106825.0,,777.0,,,,
10:12:18.130,-106846.0,,775.0,,,,
10:12:18.137,-106847.0,,768.0,,,,
10:12:18.143,-106850.0,,777.0,,,,
10:12:18.149,-106857.0,,777.0,,,,
10:12:18.155,-106859.0,,775.0,,,,
10:12:18.159,-106862.0,,766.0,,,,
10:12:18.165,-106853.0,,775.0,,,,
10:12:18.170,-106860.0,,776.0,,,,
10:12:18.174,-106872.0,,767.0,,,,
10:12:18.180,-106865.0,,768.0,,,,
10:12:18.184,-106880.0,,776.0,,,,
10:12:18.190,-106869.0,,776.0,,,,
10:12:18.195,-106845.0,,767.0,,,,
10:12:18.200,-106862.0,,775.0,,,,
10:12:18.205,-106879.0,,775.0,,,,
10:12:18.209,-106878.0,,768.0,,,,
10:12:18.216,-106873.0,,766.0,,,,
10:12:18.221,-106876.0,,768.0,,,,
10:12:18.226,-106884.0,,776.0,,,,
10:12:18.232,-106895.0,,781.0,,,,
10:12:18.237,-106899.0,,782.0,,,,
10:12:18.241,-106902.0,,777.0,,,,
10:12:18.248,-106896.0,,777.0,,,,
10:12:18.253,-106909.0,,777.0,,,,
10:12:18.258,-106903.0,,776.0,,,,
10:12:18.264,-106914.0,,768.0,,,,
10:12:18.270,-106917.0,,777.0,,,,
10:12:18.275,-106903.0,,778.0,,,,
10:12:18.280,-106906.0,,776.0,,,,
10:12:18.287,-106935.0,,776.0,,,,
10:12:18.292,-106944.0,,776.0,,,,
10:12:18.298,-106946.0,,777.0,,,,
10:12:18.303,-106958.0,,777.0,,,,
10:12:18.308,-106943.0,,776.0,,,,
10:12:18.313,-106989.0,,777.0,,,,
10:12:18.318,-106960.0,,777.0,,,,
10:12:18.323,-106986.0,,776.0,,,,
10:12:18.329,-106982.0,,774.0,,,,
10:12:18.334,-106996.0,,777.0,,,,
10:12:18.340,-106984.0,,777.0,,,,
10:12:18.346,-106976.0,,777.0,,,,
10:12:18.350,-107000.0,,776.0,,,,
10:12:18.356,-106987.0,,776.0,,,,
10:12:18.362,-106990.0,,777.0,,,,
10:12:18.367,-106987.0,,776.0,,,,
10:12:18.373,-106978.0,,777.0,,,,
10:12:18.379,-106972.0,,775.0,,,,
10:12:18.384,-106975.0,,775.0,,,,
10:12:18.389,-106991.0,,767.0,,,,
10:12:18.394,-106982.0,,766.0,,,,
10:12:18.400,-106992.0,,777.0,,,,
10:12:18.404,-106980.0,,776.0,,,,
10:12:18.409,-106975.0,,768.0,,,,
10:12:18.415,-106974.0,,776.0,,,,
10:12:18.421,-106949.0,,777.0,,,,
10:12:18.425,-106973.0,,775.0,,,,
10:12:18.430,-106985.0,,777.0,,,,
10:12:18.435,-106985.0,,775.0,,,,
10:12:18.441,-106971.0,,776.0,,,,
10:12:18.447,-106974.0,,783.0,,,,
10:12:18.453,-106985.0,,779.0,,,,
10:12:18.459,-107008.0,,778.0,,,,
10:12:18.465,-106994.0,,778.0,,,,
10:12:18.471,-107004.0,,777.0,,,,
10:12:18.476,-106998.0,,768.0,,,,
10:12:18.482,-107005.0,,776.0,,,,
10:12:18.488,-107003.0,,776.0,,,,
10:12:18.494,-107005.0,,775.0,,,,
10:12:18.501,-107003.0,,776.0,,,,
10:12:18.507,-107019.0,,767.0,,,,
10:12:18.514,-107026.0,,777.0,,,,
10:12:18.520,-107044.0,,775.0,,,,
10:12:18.527,-107038.0,,776.0,,,,
10:12:18.533,-107050.0,,765.0,,,,
10:12:18.539,-107051.0,,778.0,,,,
10:12:18.544,-107060.0,,780.0,,,,
10:12:18.550,-107070.0,,779.0,,,,
10:12:18.557,-107105.0,,768.0,,,,
10:12:18.564,-107110.0,,775.0,,,,
10:12:18.570,-107107.0,,777.0,,,,
10:12:18.576,-107117.0,,776.0,,,,
10:12:18.582,-107128.0,,767.0,,,,
10:12:18.588,-107145.0,,776.0,,,,
10:12:18.592,-107150.0,,779.0,,,,
10:12:18.598,-107163.0,,780.0,,,,
10:12:18.602,-107168.0,,777.0,,,,
10:12:18.608,-107177.0,,778.0,,,,
10:12:18.614,-107182.0,,777.0,,,,
10:12:18.618,-107186.0,,776.0,,,,
10:12:18.624,-107202.0,,775.0,,,,
10:12:18.631,-107201.0,,777.0,,,,
10:12:18.636,-107205.0,,776.0,,,,
10:12:18.642,-107193.0,,776.0,,,,
10:12:18.649,-107198.0,,767.0,,,,
10:12:18.655,-107212.0,,768.0,,,,
10:12:18.660,-107196.0,,768.0,,,,
10:12:18.666,-107223.0,,767.0,,,,
10:12:18.674,-107213.0,,766.0,,,,
10:12:18.680,-107229.0,,779.0,,,,
10:12:18.685,-107234.0,,779.0,,,,
10:12:18.691,-107248.0,,776.0,,,,
10:12:18.697,-107248.0,,777.0,,,,
10:12:18.701,-107241.0,,776.0,,,,
10:12:18.707,-107224.0,,776.0,,,,
10:12:18.712,-107242.0,,776.0,,,,
10:12:18.717,-107255.0,,775.0,,,,
10:12:18.723,-107233.0,,768.0,,,,
10:12:18.729,-107230.0,,776.0,,,,
10:12:18.734,-107230.0,,768.0,,,,
10:12:18.739,-107272.0,,768.0,,,,
10:12:18.745,-107278.0,,776.0,,,,
10:12:18.750,-107274.0,,776.0,,,,
10:12:18.755,-107284.0,,776.0,,,,
10:12:18.759,-107281.0,,775.0,,,,
10:12:18.764,-107294.0,,777.0,,,,
10:12:18.769,-107319.0,,778.0,,,,
10:12:18.774,-107322.0,,777.0,,,,
10:12:18.779,-107337.0,,777.0,,,,
10:12:18.783,-107327.0,,778.0,,,,
10:12:18.788,-107334.0,,778.0,,,,
10:12:18.795,-107365.0,,777.0,,,,
10:12:18.802,-107367.0,,775.0,,,,
10:12:18.809,-107363.0,,777.0,,,,
10:12:18.815,-107359.0,,776.0,,,,
10:12:18.821,-107381.0,,777.0,,,,
10:12:18.826,-107356.0,,767.0,,,,
10:12:18.831,-107375.0,,777.0,,,,
10:12:18.836,-107397.0,,777.0,,,,
10:12:18.842,-107387.0,,765.0,,,,
10:12:18.848,-107375.0,,767.0,,,,
10:12:18.855,-107396.0,,776.0,,,,
10:12:18.859,-107394.0,,777.0,,,,
10:12:18.865,-107394.0,,776.0,,,,
10:12:18.872,-107383.0,,777.0,,,,
10:12:18.877,-107403.0,,775.0,,,,
10:12:18.883,-107406.0,,776.0,,,,
10:12:18.889,-107410.0,,775.0,,,,
10:12:18.897,-107416.0,,766.0,,,,
10:12:18.902,-107419.0,,780.0,,,,
10:12:18.908,-107422.0,,778.0,,,,
10:12:18.914,-107420.0,,776.0,,,,
10:12:18.922,-107411.0,,768.0,,,,
10:12:18.926,-107396.0,,778.0,,,,
10:12:18.932,-107385.0,,777.0,,,,
10:12:18.939,-107356.0,,767.0,,,,
10:12:18.943,-107309.0,,766.0,,,,
10:12:18.949,-107300.0,,776.0,,,,
10:12:18.954,-107271.0,,775.0,,,,
10:12:18.958,-107260.0,,768.0,,,,
10:12:18.963,-107235.0,,775.0,,,,
10:12:18.968,-107219.0,,776.0,,,,
10:12:18.973,-107189.0,,767.0,,,,
10:12:18.979,-107149.0,,768.0,,,,
10:12:18.984,-107112.0,,777.0,,,,
10:12:18.989,-107123.0,,778.0,,,,
10:12:18.995,-107087.0,,777.0,,,,
10:12:19.000,-107053.0,,776.0,,,,
10:12:19.005,-107032.0,,779.0,,,,
10:12:19.010,-107008.0,,780.0,,,,
10:12:19.016,-106983.0,,778.0,,,,
10:12:19.021,-106982.0,,777.0,,,,
10:12:19.026,-106964.0,,777.0,,,,
10:12:19.031,-106942.0,,778.0,,,,
10:12:19.036,-106960.0,,779.0,,,,
10:12:19.042,-106923.0,,777.0,,,,
10:12:19.048,-106908.0,,777.0,,,,
10:12:19.053,-106914.0,,778.0,,,,
10:12:19.058,-106902.0,,776.0,,,,
10:12:19.064,-106900.0,,776.0,,,,
10:12:19.068,-106898.0,,778.0,,,,
10:12:19.074,-106893.0,,778.0,,,,
10:12:19.078,-106890.0,,777.0,,,,
10:12:19.083,-106892.0,,775.0,,,,
10:12:19.088,-106885.0,,777.0,,,,
10:12:19.092,-106879.0,,778.0,,,,
10:12:19.097,-106930.0,,776.0,,,,
10:12:19.104,-106894.0,,776.0,,,,
10:12:19.108,-106896.0,,782.0,,,,
10:12:19.113,-106911.0,,780.0,,,,
10:12:19.117,-106902.0,,780.0,,,,
10:12:19.122,-106904.0,,780.0,,,,
10:12:19.127,-106924.0,,778.0,,,,
10:12:19.132,-106893.0,,778.0,,,,
10:12:19.136,-106915.0,,778.0,,,,
10:12:19.141,-106922.0,,777.0,,,,
10:12:19.145,-106914.0,,778.0,,,,
10:12:19.150,-106899.0,,778.0,,,,
10:12:19.154,-106923.0,,777.0,,,,
10:12:19.159,-106933.0,,776.0,,,,
10:12:19.164,-106945.0,,777.0,,,,
10:12:19.168,-106953.0,,778.0,,,,
10:12:19.173,-106950.0,,778.0,,,,
10:12:19.177,-106962.0,,776.0,,,,
10:12:19.182,-106993.0,,777.0,,,,
10:12:19.186,-106989.0,,777.0,,,,
10:12:19.191,-107004.0,,778.0,,,,
10:12:19.196,-107028.0,,776.0,,,,
10:12:19.200,-107014.0,,777.0,,,,
10:12:19.206,-107034.0,,777.0,,,,
10:12:19.210,-107039.0,,776.0,,,,
10:12:19.215,-107070.0,,766.0,,,,
10:12:19.220,-107061.0,,768.0,,,,
10:12:19.225,-107065.0,,776.0,,,,
10:12:19.231,-107073.0,,776.0,,,,
10:12:19.236,-107064.0,,775.0,,,,
10:12:19.241,-107080.0,,776.0,,,,
10:12:19.247,-107068.0,,777.0,,,,
10:12:19.251,-107073.0,,768.0,,,,
10:12:19.256,-107088.0,,775.0,,,,
10:12:19.261,-107080.0,,776.0,,,,
10:12:19.266,-107067.0,,778.0,,,,
10:12:19.272,-107060.0,,777.0,,,,
10:12:19.278,-107072.0,,778.0,,,,
10:12:19.283,-107072.0,,778.0,,,,
10:12:19.285,-107050.0,,778.0,,,,
10:12:19.285,-107063.0,,777.0,,,,
10:12:19.285,-107060.0,,777.0,,,,
10:12:19.301,-107049.0,,784.0,,,,
10:12:19.308,-107045.0,,783.0,,,,
10:12:19.314,-107041.0,,781.0,,,,
10:12:19.319,-107055.0,,778.0,,,,
10:12:19.328,-107041.0,,780.0,,,,
10:12:19.330,-107036.0,,780.0,,,,
10:12:19.336,-107030.0,,779.0,,,,
10:12:19.344,-107033.0,,777.0,,,,
10:12:19.344,-107022.0,,778.0,,,,
10:12:19.353,-107016.0,,780.0,,,,
10:12:19.353,-107026.0,,779.0,,,,
10:12:19.361,-107026.0,,778.0,,,,
10:12:19.369,-107035.0,,777.0,,,,
10:12:19.369,-107019.0,,781.0,,,,
10:12:19.378,-107045.0,,779.0,,,,
10:12:19.385,-107029.0,,777.0,,,,
10:12:19.386,-107058.0,,777.0,,,,
10:12:19.394,-107050.0,,780.0,,,,
10:12:19.402,-107069.0,,777.0,,,,
10:12:19.403,-107062.0,,779.0,,,,
10:12:19.411,-107070.0,,781.0,,,,
10:12:19.421,-107085.0,,780.0,,,,
10:12:19.426,-107070.0,,778.0,,,,
10:12:19.432,-107106.0,,777.0,,,,
10:12:19.436,-107096.0,,778.0,,,,
10:12:19.441,-107126.0,,779.0,,,,
10:12:19.448,-107115.0,,780.0,,,,
10:12:19.453,-107110.0,,779.0,,,,
10:12:19.460,-107118.0,,779.0,,,,
10:12:19.463,-107126.0,,780.0,,,,
10:12:19.469,-107144.0,,778.0,,,,
10:12:19.469,-107140.0,,779.0,,,,
10:12:19.478,-107137.0,,781.0,,,,
10:12:19.486,-107140.0,,781.0,,,,
10:12:19.494,-107153.0,,779.0,,,,
10:12:19.498,-107155.0,,779.0,,,,
10:12:19.503,-107152.0,,779.0,,,,
10:12:19.510,-107168.0,,781.0,,,,
10:12:19.511,-107187.0,,779.0,,,,
10:12:19.519,-107160.0,,781.0,,,,
10:12:19.527,-107183.0,,780.0,,,,
10:12:19.528,-107175.0,,780.0,,,,
10:12:19.536,-107193.0,,779.0,,,,
10:12:19.536,-107186.0,,777.0,,,,
10:12:19.545,-107198.0,,776.0,,,,
10:12:19.553,-107201.0,,778.0,,,,
10:12:19.558,-107193.0,,777.0,,,,
10:12:19.561,-107200.0,,776.0,,,,
10:12:19.569,-107216.0,,779.0,,,,
10:12:19.575,-107230.0,,777.0,,,,
10:12:19.579,-107222.0,,778.0,,,,
10:12:19.587,-107248.0,,768.0,,,,
10:12:19.587,-107237.0,,776.0,,,,
10:12:19.594,-107242.0,,777.0,,,,
10:12:19.603,-107259.0,,776.0,,,,
10:12:19.603,-107270.0,,767.0,,,,
10:12:19.612,-107281.0,,778.0,,,,
10:12:19.612,-107292.0,,778.0,,,,
10:12:19.620,-107301.0,,776.0,,,,
10:12:19.628,-107302.0,,775.0,,,,
10:12:19.628,-107332.0,,777.0,,,,
10:12:19.636,-107321.0,,776.0,,,,
10:12:19.636,-107349.0,,777.0,,,,
10:12:19.645,-107345.0,,775.0,,,,
10:12:19.653,-107362.0,,777.0,,,,
10:12:19.653,-107368.0,,776.0,,,,
10:12:19.663,-107356.0,,776.0,,,,
10:12:19.663,-107354.0,,776.0,,,,
10:12:19.671,-107356.0,,777.0,,,,
10:12:19.678,-107377.0,,778.0,,,,
10:12:19.687,-107378.0,,776.0,,,,
10:12:19.687,-107367.0,,768.0,,,,
10:12:19.695,-107382.0,,778.0,,,,
10:12:19.703,-107380.0,,776.0,,,,
10:12:19.703,-107381.0,,776.0,,,,
10:12:19.716,-107399.0,,768.0,,,,
10:12:19.728,-107406.0,,777.0,,,,
10:12:19.736,-107414.0,,777.0,,,,
10:12:19.742,-107417.0,,781.0,,,,
10:12:19.748,-107418.0,,779.0,,,,
10:12:19.755,-107410.0,,779.0,,,,
10:12:19.761,-107436.0,,778.0,,,,
10:12:19.770,-107436.0,,777.0,,,,
10:12:19.777,-107440.0,,776.0,,,,
10:12:19.783,-107435.0,,776.0,,,,
10:12:19.786,-107450.0,,776.0,,,,
10:12:19.794,-107449.0,,768.0,,,,
10:12:19.794,-107447.0,,767.0,,,,
10:12:19.803,-107450.0,,777.0,,,,
10:12:19.810,-107457.0,,778.0,,,,
10:12:19.811,-107471.0,,776.0,,,,
10:12:19.819,-107476.0,,776.0,,,,
10:12:19.828,-107474.0,,778.0,,,,
10:12:19.828,-107490.0,,779.0,,,,
10:12:19.838,-107519.0,,775.0,,,,
10:12:19.844,-107520.0,,778.0,,,,
10:12:19.849,-107526.0,,778.0,,,,
10:12:19.853,-107531.0,,779.0,,,,
10:12:19.853,-107528.0,,780.0,,,,
10:12:19.861,-107530.0,,777.0,,,,
10:12:19.869,-107525.0,,777.0,,,,
10:12:19.869,-107513.0,,777.0,,,,
10:12:19.878,-107508.0,,775.0,,,,
10:12:19.886,-107489.0,,775.0,,,,
10:12:19.886,-107469.0,,778.0,,,,
10:12:19.896,-107441.0,,776.0,,,,
10:12:19.902,-107426.0,,776.0,,,,
10:12:19.903,-107377.0,,776.0,,,,
10:12:19.911,-107357.0,,777.0,,,,
10:12:19.916,-107335.0,,777.0,,,,
10:12:19.919,-107280.0,,777.0,,,,
10:12:19.928,-107258.0,,776.0,,,,
10:12:19.928,-107220.0,,777.0,,,,
10:12:19.936,-107186.0,,777.0,,,,
10:12:19.944,-107169.0,,777.0,,,,
10:12:19.945,-107125.0,,778.0,,,,
10:12:19.954,-107119.0,,777.0,,,,
10:12:19.955,-107085.0,,781.0,,,,
10:12:19.961,-107075.0,,781.0,,,,
10:12:19.969,-107070.0,,795.0,,,,
10:12:19.977,-107052.0,,782.0,,,,
10:12:19.983,-107028.0,,776.0,,,,
10:12:19.988,-107009.0,,764.0,,,,
10:12:19.991,-106997.0,,760.0,,,,
10:12:19.995,-106961.0,,767.0,,,,
10:12:20.003,-106954.0,,775.0,,,,
10:12:20.003,-106954.0,,775.0,,,,
10:12:20.011,-106944.0,,776.0,,,,
10:12:20.019,-106942.0,,779.0,,,,
10:12:20.019,-106959.0,,779.0,,,,
10:12:20.028,-106940.0,,778.0,,,,
10:12:20.036,-106969.0,,776.0,,,,
10:12:20.036,-106952.0,,777.0,,,,
10:12:20.044,-106961.0,,779.0,,,,
10:12:20.053,-106976.0,,776.0,,,,
10:12:20.061,-107004.0,,778.0,,,,
10:12:20.061,-106980.0,,778.0,,,,
10:12:20.071,-106987.0,,779.0,,,,
10:12:20.082,-107007.0,,778.0,,,,
10:12:20.088,-107014.0,,779.0,,,,
10:12:20.095,-107012.0,,780.0,,,,
10:12:20.095,-107030.0,,780.0,,,,
10:12:20.104,-107022.0,,778.0,,,,
10:12:20.112,-107029.0,,780.0,,,,
10:12:20.118,-107012.0,,779.0,,,,
10:12:20.123,-107020.0,,779.0,,,,
10:12:20.127,-107015.0,,778.0,,,,
10:12:20.135,-107029.0,,778.0,,,,
10:12:20.144,-107043.0,,778.0,,,,
10:12:20.144,-107054.0,,779.0,,,,
10:12:20.159,-107040.0,,776.0,,,,
10:12:20.164,-107058.0,,778.0,,,,
10:12:20.171,-107062.0,,778.0,,,,
10:12:20.171,-107056.0,,779.0,,,,
10:12:20.177,-107053.0,,777.0,,,,
10:12:20.185,-107069.0,,777.0,,,,
10:12:20.185,-107069.0,,779.0,,,,
10:12:20.185,-107081.0,,792.0,,,,
10:12:20.185,-107083.0,,782.0,,,,
10:12:20.203,-107070.0,,781.0,,,,
10:12:20.203,-107091.0,,782.0,,,,
10:12:20.203,-107078.0,,781.0,,,,
10:12:20.217,-107096.0,,779.0,,,,
10:12:20.224,-107093.0,,779.0,,,,
10:12:20.229,-107084.0,,780.0,,,,
10:12:20.232,-107085.0,,779.0,,,,
10:12:20.236,-107067.0,,778.0,,,,
10:12:20.236,-107100.0,,779.0,,,,
10:12:20.244,-107100.0,,778.0,,,,
10:12:20.244,-107099.0,,778.0,,,,
10:12:20.253,-107084.0,,779.0,,,,
10:12:20.253,-107088.0,,778.0,,,,
10:12:20.261,-107084.0,,779.0,,,,
10:12:20.269,-107100.0,,777.0,,,,
10:12:20.272,-107101.0,,777.0,,,,
10:12:20.278,-107090.0,,776.0,,,,
10:12:20.285,-107100.0,,776.0,,,,
10:12:20.289,-107099.0,,777.0,,,,
10:12:20.294,-107095.0,,776.0,,,,
10:12:20.300,-107095.0,,767.0,,,,
10:12:20.302,-107103.0,,778.0,,,,
10:12:20.302,-107102.0,,776.0,,,,
10:12:20.302,-107088.0,,768.0,,,,
10:12:20.318,-107069.0,,767.0,,,,
10:12:20.323,-107075.0,,778.0,,,,
10:12:20.323,-107075.0,,778.0,,,,
10:12:20.323,-107091.0,,776.0,,,,
10:12:20.334,-107086.0,,778.0,,,,
10:12:20.334,-107075.0,,781.0,,,,
10:12:20.334,-107063.0,,777.0,,,,
10:12:20.350,-107067.0,,777.0,,,,
10:12:20.350,-107070.0,,778.0,,,,
10:12:20.350,-107071.0,,779.0,,,,
10:12:20.350,-107078.0,,779.0,,,,
10:12:20.366,-107065.0,,778.0,,,,
10:12:20.366,-107070.0,,778.0,,,,
10:12:20.366,-107077.0,,784.0,,,,
10:12:20.384,-107078.0,,782.0,,,,
10:12:20.388,-107087.0,,779.0,,,,
10:12:20.394,-107104.0,,779.0,,,,
10:12:20.398,-107100.0,,779.0,,,,
10:12:20.398,-107102.0,,777.0,,,,
10:12:20.398,-107105.0,,776.0,,,,
10:12:20.414,-107098.0,,778.0,,,,
10:12:20.415,-107088.0,,780.0,,,,
10:12:20.415,-107087.0,,778.0,,,,
10:12:20.430,-107109.0,,775.0,,,,
10:12:20.430,-107124.0,,776.0,,,,
10:12:20.430,-107143.0,,776.0,,,,
10:12:20.430,-107120.0,,775.0,,,,
10:12:20.446,-107128.0,,776.0,,,,
10:12:20.446,-107137.0,,779.0,,,,
10:12:20.446,-107155.0,,777.0,,,,
10:12:20.463,-107165.0,,776.0,,,,
10:12:20.468,-107172.0,,767.0,,,,
10:12:20.472,-107176.0,,776.0,,,,
10:12:20.474,-107197.0,,776.0,,,,
10:12:20.478,-107205.0,,777.0,,,,
10:12:20.478,-107210.0,,775.0,,,,
10:12:20.478,-107230.0,,776.0,,,,
10:12:20.493,-107241.0,,779.0,,,,
10:12:20.493,-107253.0,,777.0,,,,
10:12:20.493,-107238.0,,767.0,,,,
10:12:20.509,-107241.0,,777.0,,,,
10:12:20.509,-107243.0,,777.0,,,,
10:12:20.509,-107262.0,,776.0,,,,
10:12:20.525,-107260.0,,775.0,,,,
10:12:20.527,-107265.0,,778.0,,,,
10:12:20.527,-107266.0,,778.0,,,,
10:12:20.541,-107251.0,,779.0,,,,
10:12:20.543,-107265.0,,776.0,,,,
10:12:20.543,-107285.0,,775.0,,,,
10:12:20.543,-107279.0,,775.0,,,,
10:12:20.557,-107290.0,,766.0,,,,
10:12:20.557,-107297.0,,764.0,,,,
10:12:20.572,-107314.0,,766.0,,,,
10:12:20.573,-107291.0,,777.0,,,,
10:12:20.573,-107313.0,,777.0,,,,
10:12:20.573,-107318.0,,765.0,,,,
10:12:20.588,-107313.0,,768.0,,,,
10:12:20.588,-107316.0,,767.0,,,,
10:12:20.588,-107321.0,,776.0,,,,
10:12:20.604,-107308.0,,765.0,,,,
10:12:20.604,-107313.0,,765.0,,,,
10:12:20.604,-107322.0,,766.0,,,,
10:12:20.604,-107334.0,,764.0,,,,
10:12:20.620,-107336.0,,762.0,,,,
10:12:20.620,-107340.0,,767.0,,,,
10:12:20.620,-107346.0,,766.0,,,,
10:12:20.636,-107334.0,,767.0,,,,
10:12:20.636,-107344.0,,767.0,,,,
10:12:20.636,-107346.0,,775.0,,,,
10:12:20.652,-107376.0,,776.0,,,,
10:12:20.652,-107402.0,,776.0,,,,
10:12:20.652,-107395.0,,767.0,,,,
10:12:20.669,-107394.0,,776.0,,,,
10:12:20.671,-107406.0,,776.0,,,,
10:12:20.676,-107423.0,,776.0,,,,
10:12:20.684,-107425.0,,767.0,,,,
10:12:20.687,-107435.0,,776.0,,,,
10:12:20.693,-107439.0,,777.0,,,,
10:12:20.693,-107469.0,,776.0,,,,
10:12:20.705,-107443.0,,778.0,,,,
10:12:20.712,-107475.0,,775.0,,,,
10:12:20.712,-107468.0,,777.0,,,,
10:12:20.723,-107467.0,,776.0,,,,
10:12:20.729,-107480.0,,766.0,,,,
10:12:20.729,-107475.0,,776.0,,,,
10:12:20.736,-107471.0,,777.0,,,,
10:12:20.743,-107487.0,,774.0,,,,
10:12:20.747,-107487.0,,767.0,,,,
10:12:20.753,-107489.0,,767.0,,,,
10:12:20.760,-107492.0,,777.0,,,,
10:12:20.765,-107507.0,,767.0,,,,
10:12:20.769,-107508.0,,766.0,,,,
10:12:20.777,-107491.0,,780.0,,,,
10:12:20.778,-107497.0,,778.0,,,,
10:12:20.787,-107508.0,,776.0,,,,
10:12:20.794,-107511.0,,768.0,,,,
10:12:20.803,-107503.0,,776.0,,,,
10:12:20.810,-107507.0,,774.0,,,,
10:12:20.817,-107467.0,,776.0,,,,
10:12:20.823,-107460.0,,774.0,,,,
10:12:20.830,-107432.0,,776.0,,,,
10:12:20.840,-107410.0,,776.0,,,,
10:12:20.844,-107409.0,,768.0,,,,
10:12:20.853,-107371.0,,767.0,,,,
10:12:20.853,-107344.0,,776.0,,,,
10:12:20.861,-107298.0,,776.0,,,,
10:12:20.869,-107273.0,,775.0,,,,
10:12:20.869,-107246.0,,767.0,,,,
10:12:20.877,-107216.0,,779.0,,,,
10:12:20.877,-107201.0,,775.0,,,,
10:12:20.886,-107167.0,,775.0,,,,
10:12:20.886,-107126.0,,765.0,,,,
10:12:20.894,-107090.0,,766.0,,,,
10:12:20.901,-107071.0,,776.0,,,,
10:12:20.903,-107045.0,,765.0,,,,
10:12:20.910,-107017.0,,766.0,,,,
10:12:20.911,-107001.0,,767.0,,,,
10:12:20.919,-106978.0,,767.0,,,,
10:12:20.924,-106966.0,,766.0,,,,
10:12:20.928,-106936.0,,765.0,,,,
10:12:20.928,-106939.0,,766.0,,,,
10:12:20.936,-106928.0,,768.0,,,,
10:12:20.943,-106903.0,,766.0,,,,
10:12:20.945,-106888.0,,765.0,,,,
10:12:20.952,-106878.0,,766.0,,,,
10:12:20.953,-106876.0,,765.0,,,,
10:12:20.961,-106867.0,,765.0,,,,
10:12:20.961,-106888.0,,764.0,,,,
10:12:20.969,-106865.0,,766.0,,,,
10:12:20.977,-106892.0,,773.0,,,,
10:12:20.978,-106869.0,,766.0,,,,
10:12:20.986,-106882.0,,778.0,,,,
10:12:20.986,-106878.0,,778.0,,,,
10:12:20.995,-106869.0,,780.0,,,,
10:12:20.995,-106863.0,,767.0,,,,
10:12:21.003,-106882.0,,775.0,,,,
10:12:21.011,-106862.0,,779.0,,,,
10:12:21.011,-106848.0,,768.0,,,,
10:12:21.019,-106862.0,,768.0,,,,
10:12:21.024,-106875.0,,766.0,,,,
10:12:21.028,-106854.0,,766.0,,,,
10:12:21.035,-106873.0,,765.0,,,,
10:12:21.036,-106879.0,,766.0,,,,
10:12:21.044,-106878.0,,765.0,,,,
10:12:21.053,-106870.0,,767.0,,,,
10:12:21.061,-106876.0,,765.0,,,,
10:12:21.069,-106873.0,,765.0,,,,
10:12:21.078,-106889.0,,764.0,,,,
10:12:21.086,-106909.0,,765.0,,,,
10:12:21.086,-106915.0,,764.0,,,,
10:12:21.094,-106920.0,,765.0,,,,
10:12:21.103,-106943.0,,764.0,,,,
10:12:21.103,-106941.0,,763.0,,,,
10:12:21.111,-106951.0,,764.0,,,,
10:12:21.111,-106962.0,,762.0,,,,
10:12:21.119,-106968.0,,764.0,,,,
10:12:21.119,-106997.0,,765.0,,,,
10:12:21.128,-106988.0,,765.0,,,,
10:12:21.128,-106970.0,,762.0,,,,
10:12:21.136,-106974.0,,763.0,,,,
10:12:21.136,-106990.0,,763.0,,,,
10:12:21.144,-106991.0,,764.0,,,,
10:12:21.144,-106981.0,,764.0,,,,
10:12:21.153,-106984.0,,764.0,,,,
10:12:21.153,-106990.0,,777.0,,,,
10:12:21.163,-106987.0,,766.0,,,,
10:12:21.170,-106980.0,,766.0,,,,
10:12:21.172,-106973.0,,765.0,,,,
10:12:21.179,-106963.0,,766.0,,,,
10:12:21.186,-106971.0,,778.0,,,,
10:12:21.186,-106969.0,,777.0,,,,
10:12:21.195,-106970.0,,768.0,,,,
10:12:21.203,-106963.0,,776.0,,,,
10:12:21.208,-106951.0,,776.0,,,,
10:12:21.214,-106941.0,,765.0,,,,
10:12:21.219,-106936.0,,765.0,,,,
10:12:21.221,-106938.0,,775.0,,,,
10:12:21.230,-106923.0,,766.0,,,,
10:12:21.236,-106902.0,,764.0,,,,
10:12:21.242,-106914.0,,765.0,,,,
10:12:21.247,-106934.0,,767.0,,,,
10:12:21.253,-106927.0,,765.0,,,,
10:12:21.253,-106911.0,,765.0,,,,
10:12:21.261,-106919.0,,765.0,,,,
10:12:21.269,-106925.0,,768.0,,,,
10:12:21.271,-106939.0,,767.0,,,,
10:12:21.278,-106925.0,,763.0,,,,
10:12:21.285,-106955.0,,764.0,,,,
10:12:21.291,-106951.0,,766.0,,,,
10:12:21.296,-106954.0,,766.0,,,,
10:12:21.300,-106951.0,,763.0,,,,
10:12:21.306,-106958.0,,764.0,,,,
10:12:21.312,-106966.0,,764.0,,,,
10:12:21.317,-106950.0,,767.0,,,,
10:12:21.323,-106984.0,,766.0,,,,
10:12:21.329,-106979.0,,775.0,,,,
10:12:21.335,-106968.0,,766.0,,,,
10:12:21.340,-106978.0,,774.0,,,,
10:12:21.345,-106963.0,,764.0,,,,
10:12:21.349,-106992.0,,766.0,,,,
10:12:21.354,-107006.0,,767.0,,,,
10:12:21.359,-106981.0,,775.0,,,,
10:12:21.364,-106977.0,,765.0,,,,
10:12:21.369,-107002.0,,766.0,,,,
10:12:21.374,-106996.0,,776.0,,,,
10:12:21.380,-106982.0,,766.0,,,,
10:12:21.384,-107019.0,,764.0,,,,
10:12:21.390,-107008.0,,765.0,,,,
10:12:21.396,-107030.0,,777.0,,,,
10:12:21.401,-107018.0,,776.0,,,,
10:12:21.407,-107048.0,,768.0,,,,
10:12:21.412,-107038.0,,767.0,,,,
10:12:21.416,-107039.0,,767.0,,,,
10:12:21.421,-107057.0,,765.0,,,,
10:12:21.425,-107054.0,,766.0,,,,
10:12:21.431,-107046.0,,765.0,,,,
10:12:21.438,-107052.0,,767.0,,,,
10:12:21.442,-107037.0,,775.0,,,,
10:12:21.448,-107051.0,,775.0,,,,
10:12:21.452,-107062.0,,765.0,,,,
10:12:21.457,-107077.0,,776.0,,,,
10:12:21.465,-107056.0,,767.0,,,,
10:12:21.481,-107060.0,,763.0,,,,
10:12:21.487,-107088.0,,765.0,,,,
10:12:21.492,-107102.0,,765.0,,,,
10:12:21.499,-107112.0,,765.0,,,,
10:12:21.505,-107125.0,,763.0,,,,
10:12:21.511,-107124.0,,763.0,,,,
10:12:21.517,-107145.0,,766.0,,,,
10:12:21.524,-107154.0,,767.0,,,,
10:12:21.530,-107162.0,,764.0,,,,
10:12:21.535,-107168.0,,765.0,,,,
10:12:21.541,-107167.0,,766.0,,,,
10:12:21.547,-107174.0,,765.0,,,,
10:12:21.552,-107175.0,,765.0,,,,
10:12:21.558,-107183.0,,765.0,,,,
10:12:21.563,-107165.0,,767.0,,,,
10:12:21.568,-107181.0,,765.0,,,,
10:12:21.574,-107181.0,,765.0,,,,
10:12:21.580,-107195.0,,767.0,,,,
10:12:21.587,-107188.0,,775.0,,,,
10:12:21.593,-107185.0,,768.0,,,,
10:12:21.599,-107176.0,,766.0,,,,
10:12:21.605,-107199.0,,765.0,,,,
10:12:21.610,-107209.0,,777.0,,,,
10:12:21.615,-107186.0,,765.0,,,,
10:12:21.621,-107207.0,,765.0,,,,
10:12:21.625,-107203.0,,780.0,,,,
10:12:21.630,-107203.0,,778.0,,,,
10:12:21.635,-107192.0,,778.0,,,,
10:12:21.641,-107211.0,,768.0,,,,
10:12:21.646,-107212.0,,774.0,,,,
10:12:21.650,-107220.0,,775.0,,,,
10:12:21.655,-107227.0,,766.0,,,,
10:12:21.660,-107217.0,,765.0,,,,
10:12:21.665,-107225.0,,766.0,,,,
10:12:21.669,-107222.0,,767.0,,,,
10:12:21.674,-107239.0,,764.0,,,,
10:12:21.679,-107256.0,,765.0,,,,
10:12:21.684,-107229.0,,768.0,,,,
10:12:21.689,-107240.0,,765.0,,,,
10:12:21.693,-107261.0,,767.0,,,,
10:12:21.698,-107240.0,,765.0,,,,
10:12:21.703,-107276.0,,766.0,,,,
10:12:21.708,-107289.0,,768.0,,,,
10:12:21.712,-107269.0,,766.0,,,,
10:12:21.717,-107304.0,,765.0,,,,
10:12:21.722,-107316.0,,766.0,,,,
10:12:21.726,-107298.0,,767.0,,,,
10:12:21.731,-107297.0,,767.0,,,,
10:12:21.736,-107322.0,,764.0,,,,
10:12:21.740,-107322.0,,767.0,,,,
10:12:21.745,-107331.0,,765.0,,,,
10:12:21.749,-107328.0,,768.0,,,,
10:12:21.753,-107335.0,,764.0,,,,
10:12:21.758,-107338.0,,766.0,,,,
10:12:21.762,-107358.0,,767.0,,,,
10:12:21.766,-107337.0,,768.0,,,,
10:12:21.771,-107359.0,,765.0,,,,
10:12:21.776,-107344.0,,766.0,,,,
10:12:21.781,-107348.0,,767.0,,,,
10:12:21.786,-107317.0,,774.0,,,,
10:12:21.790,-107324.0,,765.0,,,,
10:12:21.795,-107299.0,,766.0,,,,
10:12:21.800,-107278.0,,766.0,,,,
10:12:21.804,-107258.0,,767.0,,,,
10:12:21.809,-107219.0,,776.0,,,,
10:12:21.814,-107201.0,,776.0,,,,
10:12:21.819,-107175.0,,775.0,,,,
10:12:21.824,-107132.0,,766.0,,,,
10:12:21.829,-107098.0,,764.0,,,,
10:12:21.834,-107053.0,,766.0,,,,
10:12:21.838,-107000.0,,767.0,,,,
10:12:21.843,-106974.0,,767.0,,,,
10:12:21.848,-106941.0,,766.0,,,,
10:12:21.853,-106898.0,,768.0,,,,
10:12:21.857,-106879.0,,775.0,,,,
10:12:21.862,-106847.0,,767.0,,,,
10:12:21.867,-106826.0,,767.0,,,,
10:12:21.872,-106788.0,,775.0,,,,
10:12:21.879,-106785.0,,767.0,,,,
10:12:21.888,-106750.0,,767.0,,,,
10:12:21.897,-106734.0,,765.0,,,,
10:12:21.906,-106739.0,,767.0,,,,
10:12:21.913,-106707.0,,777.0,,,,
10:12:21.923,-106700.0,,766.0,,,,
10:12:21.932,-106686.0,,766.0,,,,
10:12:21.942,-106670.0,,767.0,,,,
10:12:21.952,-106673.0,,767.0,,,,
10:12:21.959,-106666.0,,766.0,,,,
10:12:21.968,-106652.0,,766.0,,,,
10:12:21.978,-106664.0,,774.0,,,,
10:12:21.983,-106653.0,,767.0,,,,
10:12:21.989,-106645.0,,767.0,,,,
10:12:21.998,-106648.0,,765.0,,,,
10:12:22.006,-106657.0,,767.0,,,,
10:12:22.012,-106650.0,,766.0,,,,
10:12:22.018,-106660.0,,766.0,,,,
10:12:22.024,-106635.0,,764.0,,,,
10:12:22.031,-106651.0,,766.0,,,,
10:12:22.037,-106661.0,,767.0,,,,
10:12:22.041,-106642.0,,765.0,,,,
10:12:22.047,-106642.0,,767.0,,,,
10:12:22.052,-106663.0,,765.0,,,,
10:12:22.058,-106661.0,,768.0,,,,
10:12:22.065,-106664.0,,779.0,,,,
10:12:22.070,-106655.0,,776.0,,,,
10:12:22.075,-106650.0,,778.0,,,,
10:12:22.081,-106667.0,,767.0,,,,
10:12:22.086,-106676.0,,775.0,,,,
10:12:22.091,-106681.0,,767.0,,,,
10:12:22.097,-106667.0,,776.0,,,,
10:12:22.101,-106656.0,,767.0,,,,
10:12:22.106,-106675.0,,767.0,,,,
10:12:22.112,-106682.0,,766.0,,,,
10:12:22.117,-106705.0,,782.0,,,,
10:12:22.124,-106688.0,,776.0,,,,
10:12:22.130,-106717.0,,761.0,,,,
10:12:22.136,-106734.0,,758.0,,,,
10:12:22.141,-106724.0,,748.0,,,,
10:12:22.147,-106711.0,,759.0,,,,
10:12:22.153,-106724.0,,752.0,,,,
10:12:22.158,-106733.0,,760.0,,,,
10:12:22.163,-106739.0,,763.0,,,,
10:12:22.168,-106747.0,,762.0,,,,
10:12:22.173,-106745.0,,763.0,,,,
10:12:22.178,-106744.0,,763.0,,,,
10:12:22.184,-106740.0,,765.0,,,,
10:12:22.189,-106751.0,,763.0,,,,
10:12:22.195,-106750.0,,763.0,,,,
10:12:22.200,-106727.0,,763.0,,,,
10:12:22.207,-106722.0,,764.0,,,,
10:12:22.213,-106731.0,,764.0,,,,
10:12:22.218,-106712.0,,763.0,,,,
10:12:22.223,-106710.0,,764.0,,,,
10:12:22.230,-106705.0,,765.0,,,,
10:12:22.237,-106713.0,,765.0,,,,
10:12:22.244,-106698.0,,763.0,,,,
10:12:22.250,-106676.0,,765.0,,,,
10:12:22.255,-106679.0,,766.0,,,,
10:12:22.261,-106672.0,,765.0,,,,
10:12:22.268,-106662.0,,765.0,,,,
10:12:22.275,-106654.0,,764.0,,,,
10:12:22.282,-106646.0,,766.0,,,,
10:12:22.288,-106639.0,,774.0,,,,
10:12:22.295,-106642.0,,777.0,,,,
10:12:22.301,-106637.0,,776.0,,,,
10:12:22.307,-106619.0,,776.0,,,,
10:12:22.316,-106637.0,,777.0,,,,
10:12:22.323,-106623.0,,765.0,,,,
10:12:22.329,-106600.0,,766.0,,,,
10:12:22.337,-106609.0,,775.0,,,,
10:12:22.343,-106597.0,,767.0,,,,
10:12:22.353,-106604.0,,765.0,,,,
10:12:22.359,-106581.0,,765.0,,,,
10:12:22.368,-106624.0,,768.0,,,,
10:12:22.373,-106607.0,,766.0,,,,
10:12:22.378,-106623.0,,765.0,,,,
10:12:22.383,-106603.0,,764.0,,,,
10:12:22.388,-106615.0,,766.0,,,,
10:12:22.393,-106616.0,,767.0,,,,
10:12:22.398,-106638.0,,765.0,,,,
10:12:22.404,-106654.0,,766.0,,,,
10:12:22.408,-106659.0,,766.0,,,,
10:12:22.413,-106674.0,,774.0,,,,
10:12:22.418,-106654.0,,764.0,,,,
10:12:22.424,-106678.0,,763.0,,,,
10:12:22.429,-106690.0,,767.0,,,,
10:12:22.433,-106695.0,,765.0,,,,
10:12:22.439,-106707.0,,764.0,,,,
10:12:22.443,-106720.0,,765.0,,,,
10:12:22.449,-106707.0,,765.0,,,,
10:12:22.454,-106718.0,,765.0,,,,
10:12:22.459,-106730.0,,763.0,,,,
10:12:22.464,-106743.0,,765.0,,,,
10:12:22.468,-106745.0,,766.0,,,,
10:12:22.473,-106741.0,,764.0,,,,
10:12:22.479,-106731.0,,764.0,,,,
10:12:22.484,-106735.0,,763.0,,,,
10:12:22.489,-106741.0,,764.0,,,,
10:12:22.495,-106746.0,,765.0,,,,
10:12:22.500,-106756.0,,766.0,,,,
10:12:22.505,-106743.0,,765.0,,,,
10:12:22.512,-106748.0,,766.0,,,,
10:12:22.516,-106769.0,,779.0,,,,
10:12:22.521,-106764.0,,767.0,,,,
10:12:22.526,-106752.0,,775.0,,,,
10:12:22.532,-106764.0,,776.0,,,,
10:12:22.537,-106766.0,,767.0,,,,
10:12:22.542,-106788.0,,768.0,,,,
10:12:22.547,-106771.0,,774.0,,,,
10:12:22.553,-106779.0,,766.0,,,,
10:12:22.558,-106768.0,,767.0,,,,
10:12:22.564,-106794.0,,764.0,,,,
10:12:22.570,-106792.0,,765.0,,,,
10:12:22.575,-106803.0,,775.0,,,,
10:12:22.581,-106800.0,,766.0,,,,
10:12:22.587,-106802.0,,766.0,,,,
10:12:22.592,-106815.0,,764.0,,,,
10:12:22.598,-106818.0,,767.0,,,,
10:12:22.604,-106823.0,,767.0,,,,
10:12:22.609,-106833.0,,766.0,,,,
10:12:22.615,-106842.0,,765.0,,,,
10:12:22.620,-106854.0,,775.0,,,,
10:12:22.625,-106874.0,,765.0,,,,
10:12:22.630,-106858.0,,767.0,,,,
10:12:22.634,-106897.0,,765.0,,,,
10:12:22.640,-106891.0,,774.0,,,,
10:12:22.646,-106893.0,,765.0,,,,
10:12:22.651,-106891.0,,764.0,,,,
10:12:22.657,-106902.0,,766.0,,,,
10:12:22.663,-106893.0,,767.0,,,,
10:12:22.670,-106911.0,,768.0,,,,
10:12:22.675,-106924.0,,766.0,,,,
10:12:22.682,-106918.0,,774.0,,,,
10:12:22.689,-106935.0,,776.0,,,,
10:12:22.695,-106904.0,,766.0,,,,
10:12:22.700,-106924.0,,763.0,,,,
10:12:22.705,-106933.0,,766.0,,,,
10:12:22.711,-106927.0,,767.0,,,,
10:12:22.716,-106932.0,,775.0,,,,
10:12:22.722,-106938.0,,775.0,,,,
10:12:22.726,-106941.0,,774.0,,,,
10:12:22.731,-106945.0,,780.0,,,,
10:12:22.736,-106951.0,,779.0,,,,
10:12:22.741,-106962.0,,768.0,,,,
10:12:22.746,-106966.0,,776.0,,,,
10:12:22.751,-106965.0,,775.0,,,,
10:12:22.756,-106966.0,,766.0,,,,
10:12:22.762,-106978.0,,766.0,,,,
10:12:22.769,-106959.0,,776.0,,,,
10:12:22.774,-106957.0,,768.0,,,,
10:12:22.780,-106961.0,,767.0,,,,
10:12:22.783,-106992.0,,766.0,,,,
10:12:22.789,-106996.0,,766.0,,,,
10:12:22.793,-106978.0,,768.0,,,,
10:12:22.798,-106981.0,,774.0,,,,
10:12:22.803,-106976.0,,765.0,,,,
10:12:22.808,-106966.0,,766.0,,,,
10:12:22.813,-106986.0,,776.0,,,,
10:12:22.818,-106948.0,,768.0,,,,
10:12:22.823,-106940.0,,765.0,,,,
10:12:22.829,-106919.0,,768.0,,,,
10:12:22.833,-106872.0,,778.0,,,,
10:12:22.838,-106849.0,,767.0,,,,
10:12:22.843,-106822.0,,768.0,,,,
10:12:22.848,-106778.0,,777.0,,,,
10:12:22.854,-106747.0,,778.0,,,,
10:12:22.859,-106699.0,,775.0,,,,
10:12:22.867,-106662.0,,766.0,,,,
10:12:22.874,-106608.0,,767.0,,,,
10:12:22.879,-106591.0,,775.0,,,,
10:12:22.883,-106549.0,,766.0,,,,
10:12:22.892,-106502.0,,766.0,,,,
10:12:22.899,-106464.0,,766.0,,,,
10:12:22.905,-106426.0,,766.0,,,,
10:12:22.912,-106375.0,,765.0,,,,
10:12:22.919,-106389.0,,764.0,,,,
10:12:22.924,-106345.0,,765.0,,,,
10:12:22.931,-106333.0,,767.0,,,,
10:12:22.938,-106307.0,,766.0,,,,
10:12:22.944,-106306.0,,765.0,,,,
10:12:22.951,-106285.0,,778.0,,,,
10:12:22.958,-106276.0,,777.0,,,,
10:12:22.966,-106240.0,,777.0,,,,
10:12:22.973,-106245.0,,775.0,,,,
10:12:22.977,-106233.0,,768.0,,,,
10:12:22.984,-106225.0,,767.0,,,,
10:12:22.991,-106231.0,,767.0,,,,
10:12:22.996,-106218.0,,775.0,,,,
10:12:23.003,-106204.0,,767.0,,,,
10:12:23.022,-106211.0,,776.0,,,,
10:12:23.027,-106217.0,,766.0,,,,
10:12:23.034,-106220.0,,763.0,,,,
10:12:23.039,-106220.0,,766.0,,,,
10:12:23.045,-106214.0,,766.0,,,,
10:12:23.050,-106218.0,,766.0,,,,
10:12:23.055,-106214.0,,764.0,,,,
10:12:23.061,-106244.0,,765.0,,,,
10:12:23.066,-106235.0,,766.0,,,,
10:12:23.070,-106255.0,,767.0,,,,
10:12:23.076,-106237.0,,764.0,,,,
10:12:23.082,-106253.0,,767.0,,,,
10:12:23.087,-106233.0,,767.0,,,,
10:12:23.091,-106241.0,,766.0,,,,
10:12:23.097,-106238.0,,764.0,,,,
10:12:23.102,-106244.0,,766.0,,,,
10:12:23.108,-106264.0,,767.0,,,,
10:12:23.113,-106256.0,,766.0,,,,
10:12:23.118,-106250.0,,764.0,,,,
10:12:23.124,-106258.0,,766.0,,,,
10:12:23.130,-106259.0,,765.0,,,,
10:12:23.135,-106264.0,,765.0,,,,
10:12:23.140,-106284.0,,765.0,,,,
10:12:23.145,-106299.0,,766.0,,,,
10:12:23.150,-106286.0,,767.0,,,,
10:12:23.154,-106295.0,,777.0,,,,
10:12:23.159,-106284.0,,764.0,,,,
10:12:23.163,-106305.0,,766.0,,,,
10:12:23.167,-106292.0,,775.0,,,,
10:12:23.172,-106313.0,,767.0,,,,
10:12:23.176,-106291.0,,778.0,,,,
10:12:23.181,-106313.0,,778.0,,,,
10:12:23.186,-106316.0,,777.0,,,,
10:12:23.190,-106299.0,,775.0,,,,
10:12:23.194,-106290.0,,767.0,,,,
10:12:23.199,-106284.0,,767.0,,,,
10:12:23.203,-106281.0,,767.0,,,,
10:12:23.208,-106264.0,,768.0,,,,
10:12:23.212,-106264.0,,766.0,,,,
10:12:23.216,-106256.0,,767.0,,,,
10:12:23.221,-106245.0,,776.0,,,,
10:12:23.225,-106257.0,,767.0,,,,
10:12:23.229,-106259.0,,766.0,,,,
10:12:23.233,-106248.0,,776.0,,,,
10:12:23.238,-106229.0,,766.0,,,,
10:12:23.242,-106216.0,,767.0,,,,
10:12:23.248,-106232.0,,766.0,,,,
10:12:23.252,-106234.0,,766.0,,,,
10:12:23.257,-106242.0,,767.0,,,,
10:12:23.261,-106227.0,,765.0,,,,
10:12:23.266,-106234.0,,763.0,,,,
10:12:23.271,-106218.0,,766.0,,,,
10:12:23.275,-106225.0,,774.0,,,,
10:12:23.279,-106217.0,,776.0,,,,
10:12:23.283,-106223.0,,763.0,,,,
10:12:23.288,-106232.0,,766.0,,,,
10:12:23.293,-106211.0,,775.0,,,,
10:12:23.297,-106220.0,,765.0,,,,
10:12:23.301,-106214.0,,765.0,,,,
10:12:23.306,-106223.0,,766.0,,,,
10:12:23.310,-106241.0,,767.0,,,,
10:12:23.314,-106240.0,,765.0,,,,
10:12:23.319,-106241.0,,765.0,,,,
10:12:23.324,-106216.0,,765.0,,,,
10:12:23.328,-106232.0,,766.0,,,,
10:12:23.333,-106235.0,,764.0,,,,
10:12:23.337,-106235.0,,764.0,,,,
10:12:23.341,-106241.0,,766.0,,,,
10:12:23.346,-106242.0,,766.0,,,,
10:12:23.351,-106233.0,,776.0,,,,
10:12:23.356,-106247.0,,776.0,,,,
10:12:23.361,-106239.0,,767.0,,,,
10:12:23.366,-106254.0,,774.0,,,,
10:12:23.371,-106266.0,,765.0,,,,
10:12:23.375,-106267.0,,764.0,,,,
10:12:23.381,-106273.0,,765.0,,,,
10:12:23.386,-106282.0,,765.0,,,,
10:12:23.392,-106272.0,,765.0,,,,
10:12:23.397,-106266.0,,762.0,,,,
10:12:23.402,-106284.0,,775.0,,,,
10:12:23.407,-106305.0,,767.0,,,,
10:12:23.413,-106326.0,,765.0,,,,
10:12:23.417,-106309.0,,768.0,,,,
10:12:23.423,-106319.0,,765.0,,,,
10:12:23.428,-106341.0,,765.0,,,,
10:12:23.433,-106354.0,,766.0,,,,
10:12:23.438,-106354.0,,766.0,,,,
10:12:23.442,-106369.0,,775.0,,,,
10:12:23.447,-106389.0,,767.0,,,,
10:12:23.451,-106380.0,,766.0,,,,
10:12:23.457,-106378.0,,765.0,,,,
10:12:23.462,-106403.0,,767.0,,,,
10:12:23.466,-106408.0,,776.0,,,,
10:12:23.471,-106426.0,,765.0,,,,
10:12:23.475,-106412.0,,765.0,,,,
10:12:23.480,-106405.0,,767.0,,,,
10:12:23.484,-106412.0,,766.0,,,,
10:12:23.490,-106421.0,,766.0,,,,
10:12:23.494,-106424.0,,766.0,,,,
10:12:23.499,-106440.0,,765.0,,,,
10:12:23.504,-106443.0,,766.0,,,,
10:12:23.508,-106433.0,,765.0,,,,
10:12:23.513,-106444.0,,764.0,,,,
10:12:23.517,-106468.0,,765.0,,,,
10:12:23.523,-106472.0,,767.0,,,,
10:12:23.527,-106473.0,,766.0,,,,
10:12:23.532,-106468.0,,764.0,,,,
10:12:23.536,-106471.0,,766.0,,,,
10:12:23.541,-106476.0,,776.0,,,,
10:12:23.547,-106480.0,,767.0,,,,
10:12:23.553,-106483.0,,767.0,,,,
10:12:23.559,-106475.0,,776.0,,,,
10:12:23.565,-106506.0,,767.0,,,,
10:12:23.572,-106507.0,,765.0,,,,
10:12:23.577,-106496.0,,767.0,,,,
10:12:23.582,-106495.0,,766.0,,,,
10:12:23.588,-106492.0,,765.0,,,,
10:12:23.594,-106500.0,,765.0,,,,
10:12:23.599,-106531.0,,766.0,,,,
10:12:23.605,-106523.0,,775.0,,,,
10:12:23.611,-106534.0,,775.0,,,,
10:12:23.616,-106546.0,,776.0,,,,
10:12:23.622,-106533.0,,775.0,,,,
10:12:23.627,-106543.0,,776.0,,,,
10:12:23.632,-106563.0,,776.0,,,,
10:12:23.638,-106579.0,,766.0,,,,
10:12:23.643,-106590.0,,768.0,,,,
10:12:23.648,-106601.0,,777.0,,,,
10:12:23.653,-106606.0,,768.0,,,,
10:12:23.658,-106612.0,,767.0,,,,
10:12:23.663,-106614.0,,767.0,,,,
10:12:23.667,-106622.0,,767.0,,,,
10:12:23.673,-106635.0,,780.0,,,,
10:12:23.679,-106622.0,,766.0,,,,
10:12:23.684,-106628.0,,767.0,,,,
10:12:23.689,-106626.0,,780.0,,,,
10:12:23.693,-106635.0,,776.0,,,,
10:12:23.698,-106647.0,,767.0,,,,
10:12:23.704,-106643.0,,768.0,,,,
10:12:23.708,-106643.0,,777.0,,,,
10:12:23.714,-106642.0,,776.0,,,,
10:12:23.718,-106648.0,,775.0,,,,
10:12:23.723,-106660.0,,775.0,,,,
10:12:23.728,-106670.0,,776.0,,,,
10:12:23.733,-106665.0,,776.0,,,,
10:12:23.738,-106678.0,,775.0,,,,
10:12:23.742,-106673.0,,775.0,,,,
10:12:23.747,-106673.0,,780.0,,,,
10:12:23.752,-106681.0,,779.0,,,,
10:12:23.757,-106657.0,,768.0,,,,
10:12:23.762,-106656.0,,776.0,,,,
10:12:23.768,-106627.0,,776.0,,,,
10:12:23.774,-106609.0,,777.0,,,,
10:12:23.780,-106592.0,,767.0,,,,
10:12:23.786,-106548.0,,776.0,,,,
10:12:23.792,-106509.0,,777.0,,,,
10:12:23.798,-106489.0,,767.0,,,,
10:12:23.803,-106450.0,,767.0,,,,
10:12:23.807,-106418.0,,766.0,,,,
10:12:23.813,-106393.0,,768.0,,,,
10:12:23.817,-106329.0,,775.0,,,,
10:12:23.822,-106302.0,,765.0,,,,
10:12:23.829,-106241.0,,766.0,,,,
10:12:23.833,-106202.0,,777.0,,,,
10:12:23.841,-106187.0,,767.0,,,,
10:12:23.849,-106142.0,,764.0,,,,
10:12:23.856,-106121.0,,766.0,,,,
10:12:23.864,-106089.0,,767.0,,,,
10:12:23.872,-106046.0,,767.0,,,,
10:12:23.880,-106022.0,,765.0,,,,
10:12:23.887,-106006.0,,767.0,,,,
10:12:23.894,-105985.0,,775.0,,,,
10:12:23.901,-105976.0,,767.0,,,,
10:12:23.908,-105943.0,,765.0,,,,
10:12:23.916,-105938.0,,766.0,,,,
10:12:23.924,-105932.0,,775.0,,,,
10:12:23.931,-105929.0,,767.0,,,,
10:12:23.939,-105917.0,,766.0,,,,
10:12:23.947,-105893.0,,765.0,,,,
10:12:23.954,-105889.0,,767.0,,,,
10:12:23.961,-105892.0,,767.0,,,,
10:12:23.966,-105885.0,,765.0,,,,
10:12:23.973,-105881.0,,774.0,,,,
10:12:23.981,-105879.0,,776.0,,,,
10:12:23.988,-105880.0,,765.0,,,,
10:12:23.992,-105888.0,,764.0,,,,
10:12:23.998,-105878.0,,777.0,,,,
10:12:24.005,-105880.0,,777.0,,,,
10:12:24.010,-105867.0,,777.0,,,,
10:12:24.017,-105883.0,,767.0,,,,
10:12:24.023,-105880.0,,775.0,,,,
10:12:24.028,-105875.0,,767.0,,,,
10:12:24.033,-105881.0,,766.0,,,,
10:12:24.038,-105883.0,,766.0,,,,
10:12:24.042,-105877.0,,766.0,,,,
10:12:24.048,-105859.0,,775.0,,,,
10:12:24.055,-105876.0,,766.0,,,,
10:12:24.059,-105882.0,,764.0,,,,
10:12:24.066,-105891.0,,766.0,,,,
10:12:24.072,-105891.0,,768.0,,,,
10:12:24.077,-105896.0,,774.0,,,,
10:12:24.083,-105901.0,,764.0,,,,
10:12:24.089,-105905.0,,766.0,,,,
10:12:24.095,-105922.0,,775.0,,,,
10:12:24.101,-105938.0,,766.0,,,,
10:12:24.106,-105945.0,,764.0,,,,
10:12:24.113,-105956.0,,766.0,,,,
10:12:24.118,-105975.0,,764.0,,,,
10:12:24.124,-105981.0,,765.0,,,,
10:12:24.130,-106001.0,,764.0,,,,
10:12:24.136,-105976.0,,765.0,,,,
10:12:24.141,-105984.0,,767.0,,,,
10:12:24.147,-106002.0,,767.0,,,,
10:12:24.151,-105990.0,,765.0,,,,
10:12:24.157,-105986.0,,766.0,,,,
10:12:24.162,-106002.0,,768.0,,,,
10:12:24.166,-106013.0,,765.0,,,,
10:12:24.171,-105989.0,,765.0,,,,
10:12:24.176,-105995.0,,767.0,,,,
10:12:24.181,-105991.0,,766.0,,,,
10:12:24.186,-105988.0,,767.0,,,,
10:12:24.191,-105963.0,,767.0,,,,
10:12:24.195,-105971.0,,768.0,,,,
10:12:24.199,-105956.0,,768.0,,,,
10:12:24.204,-105950.0,,766.0,,,,
10:12:24.209,-105940.0,,765.0,,,,
10:12:24.213,-105953.0,,777.0,,,,
10:12:24.217,-105938.0,,776.0,,,,
10:12:24.221,-105915.0,,767.0,,,,
10:12:24.225,-105926.0,,767.0,,,,
10:12:24.231,-105918.0,,767.0,,,,
10:12:24.236,-105880.0,,767.0,,,,
10:12:24.241,-105902.0,,766.0,,,,
10:12:24.246,-105884.0,,766.0,,,,
10:12:24.250,-105891.0,,775.0,,,,
10:12:24.256,-105884.0,,767.0,,,,
10:12:24.261,-105896.0,,765.0,,,,
10:12:24.266,-105899.0,,765.0,,,,
10:12:24.271,-105897.0,,774.0,,,,
10:12:24.275,-105872.0,,765.0,,,,
10:12:24.280,-105899.0,,766.0,,,,
10:12:24.286,-105893.0,,764.0,,,,
10:12:24.291,-105909.0,,766.0,,,,
10:12:24.295,-105911.0,,782.0,,,,
10:12:24.300,-105892.0,,775.0,,,,
10:12:24.305,-105905.0,,762.0,,,,
10:12:24.309,-105916.0,,758.0,,,,
10:12:24.314,-105917.0,,749.0,,,,
10:12:24.318,-105941.0,,760.0,,,,
10:12:24.324,-105937.0,,759.0,,,,
10:12:24.329,-105952.0,,763.0,,,,
10:12:24.334,-105968.0,,764.0,,,,
10:12:24.339,-105944.0,,764.0,,,,
10:12:24.342,-105960.0,,764.0,,,,
10:12:24.347,-105979.0,,766.0,,,,
10:12:24.351,-105969.0,,768.0,,,,
10:12:24.355,-105982.0,,767.0,,,,
10:12:24.361,-106000.0,,775.0,,,,
10:12:24.368,-105977.0,,778.0,,,,
10:12:24.374,-105985.0,,779.0,,,,
10:12:24.379,-106012.0,,779.0,,,,
10:12:24.383,-106011.0,,780.0,,,,
10:12:24.387,-106024.0,,782.0,,,,
10:12:24.391,-106013.0,,782.0,,,,
10:12:24.395,-106027.0,,782.0,,,,
10:12:24.399,-106022.0,,792.0,,,,
10:12:24.403,-106037.0,,794.0,,,,
10:12:24.407,-106055.0,,794.0,,,,
10:12:24.413,-106027.0,,791.0,,,,
10:12:24.418,-106036.0,,793.0,,,,
10:12:24.423,-106052.0,,793.0,,,,
10:12:24.430,-106046.0,,793.0,,,,
10:12:24.437,-106053.0,,792.0,,,,
10:12:24.441,-106070.0,,794.0,,,,
10:12:24.446,-106072.0,,793.0,,,,
10:12:24.450,-106084.0,,793.0,,,,
10:12:24.456,-106098.0,,791.0,,,,
10:12:24.460,-106103.0,,783.0,,,,
10:12:24.465,-106100.0,,790.0,,,,
10:12:24.469,-106123.0,,792.0,,,,
10:12:24.474,-106114.0,,792.0,,,,
10:12:24.478,-106144.0,,792.0,,,,
10:12:24.483,-106143.0,,794.0,,,,
10:12:24.487,-106165.0,,792.0,,,,
10:12:24.492,-106178.0,,793.0,,,,
10:12:24.496,-106177.0,,792.0,,,,
10:12:24.501,-106194.0,,793.0,,,,
10:12:24.506,-106190.0,,793.0,,,,
10:12:24.511,-106196.0,,793.0,,,,
10:12:24.516,-106212.0,,791.0,,,,
10:12:24.522,-106214.0,,793.0,,,,
10:12:24.526,-106191.0,,792.0,,,,
10:12:24.531,-106209.0,,791.0,,,,
10:12:24.537,-106210.0,,791.0,,,,
10:12:24.542,-106228.0,,782.0,,,,
10:12:24.547,-106243.0,,792.0,,,,
10:12:24.552,-106233.0,,792.0,,,,
10:12:24.557,-106238.0,,783.0,,,,
10:12:24.561,-106238.0,,782.0,,,,
10:12:24.566,-106246.0,,792.0,,,,
10:12:24.570,-106255.0,,792.0,,,,
10:12:24.575,-106245.0,,783.0,,,,
10:12:24.580,-106254.0,,791.0,,,,
10:12:24.586,-106266.0,,791.0,,,,
10:12:24.591,-106255.0,,796.0,,,,
10:12:24.596,-106259.0,,794.0,,,,
10:12:24.601,-106258.0,,794.0,,,,
10:12:24.606,-106290.0,,793.0,,,,
10:12:24.612,-106276.0,,793.0,,,,
10:12:24.617,-106273.0,,783.0,,,,
10:12:24.623,-106278.0,,793.0,,,,
10:12:24.629,-106275.0,,792.0,,,,
10:12:24.634,-106272.0,,791.0,,,,
10:12:24.639,-106289.0,,792.0,,,,
10:12:24.644,-106308.0,,792.0,,,,
10:12:24.649,-106299.0,,793.0,,,,
10:12:24.655,-106323.0,,791.0,,,,
10:12:24.660,-106321.0,,791.0,,,,
10:12:24.665,-106339.0,,792.0,,,,
10:12:24.669,-106321.0,,793.0,,,,
10:12:24.674,-106363.0,,792.0,,,,
10:12:24.679,-106381.0,,791.0,,,,
10:12:24.683,-106371.0,,793.0,,,,
10:12:24.687,-106382.0,,792.0,,,,
10:12:24.692,-106383.0,,783.0,,,,
10:12:24.697,-106396.0,,782.0,,,,
10:12:24.702,-106397.0,,792.0,,,,
10:12:24.706,-106425.0,,791.0,,,,
10:12:24.711,-106435.0,,781.0,,,,
10:12:24.715,-106444.0,,790.0,,,,
10:12:24.721,-106418.0,,792.0,,,,
10:12:24.725,-106427.0,,792.0,,,,
10:12:24.730,-106456.0,,783.0,,,,
10:12:24.734,-106423.0,,782.0,,,,
10:12:24.740,-106420.0,,791.0,,,,
10:12:24.747,-106422.0,,791.0,,,,
10:12:24.752,-106380.0,,781.0,,,,
10:12:24.758,-106384.0,,782.0,,,,
10:12:24.763,-106369.0,,791.0,,,,
10:12:24.768,-106321.0,,783.0,,,,
10:12:24.773,-106301.0,,784.0,,,,
10:12:24.780,-106269.0,,783.0,,,,
10:12:24.785,-106240.0,,784.0,,,,
10:12:24.791,-106193.0,,795.0,,,,
10:12:24.797,-106154.0,,794.0,,,,
10:12:24.800,-106098.0,,792.0,,,,
10:12:24.805,-106060.0,,794.0,,,,
10:12:24.810,-106029.0,,793.0,,,,
10:12:24.815,-105968.0,,794.0,,,,
10:12:24.821,-105923.0,,794.0,,,,
10:12:24.826,-105873.0,,790.0,,,,
10:12:24.832,-105834.0,,791.0,,,,
10:12:24.840,-105812.0,,783.0,,,,
10:12:24.847,-105793.0,,791.0,,,,
10:12:24.855,-105761.0,,792.0,,,,
10:12:24.863,-105744.0,,791.0,,,,
10:12:24.871,-105706.0,,783.0,,,,
10:12:24.880,-105703.0,,782.0,,,,
10:12:24.889,-105682.0,,791.0,,,,
10:12:24.898,-105691.0,,783.0,,,,
10:12:24.907,-105681.0,,790.0,,,,
10:12:24.915,-105664.0,,783.0,,,,
10:12:24.924,-105679.0,,791.0,,,,
10:12:24.932,-105679.0,,791.0,,,,
10:12:24.937,-105662.0,,782.0,,,,
10:12:24.944,-105660.0,,790.0,,,,
10:12:24.951,-105656.0,,790.0,,,,
10:12:24.958,-105659.0,,790.0,,,,
10:12:24.964,-105672.0,,781.0,,,,
10:12:24.969,-105652.0,,783.0,,,,
10:12:24.977,-105662.0,,783.0,,,,
10:12:24.981,-105661.0,,782.0,,,,
10:12:24.987,-105650.0,,782.0,,,,
10:12:24.994,-105667.0,,783.0,,,,
10:12:24.999,-105659.0,,783.0,,,,
10:12:25.004,-105659.0,,783.0,,,,
10:12:25.008,-105666.0,,780.0,,,,
10:12:25.013,-105658.0,,781.0,,,,
10:12:25.017,-105664.0,,784.0,,,,
10:12:25.023,-105665.0,,793.0,,,,
10:12:25.029,-105675.0,,783.0,,,,
10:12:25.034,-105675.0,,784.0,,,,
10:12:25.040,-105667.0,,798.0,,,,
10:12:25.044,-105673.0,,794.0,,,,
10:12:25.049,-105671.0,,793.0,,,,
10:12:25.053,-105680.0,,793.0,,,,
10:12:25.058,-105686.0,,793.0,,,,
10:12:25.063,-105695.0,,791.0,,,,
10:12:25.068,-105694.0,,783.0,,,,
10:12:25.073,-105700.0,,784.0,,,,
10:12:25.078,-105712.0,,792.0,,,,
10:12:25.083,-105707.0,,784.0,,,,
10:12:25.089,-105733.0,,783.0,,,,
10:12:25.093,-105719.0,,784.0,,,,
10:12:25.098,-105730.0,,791.0,,,,
10:12:25.104,-105734.0,,784.0,,,,
10:12:25.109,-105736.0,,789.0,,,,
10:12:25.115,-105733.0,,783.0,,,,
10:12:25.122,-105777.0,,784.0,,,,
10:12:25.127,-105777.0,,792.0,,,,
10:12:25.132,-105776.0,,782.0,,,,
10:12:25.137,-105774.0,,793.0,,,,
10:12:25.142,-105774.0,,783.0,,,,
10:12:25.147,-105775.0,,793.0,,,,
10:12:25.151,-105779.0,,781.0,,,,
10:12:25.156,-105789.0,,781.0,,,,
10:12:25.162,-105769.0,,782.0,,,,
10:12:25.167,-105767.0,,790.0,,,,
10:12:25.172,-105761.0,,781.0,,,,
10:12:25.178,-105758.0,,790.0,,,,
10:12:25.183,-105747.0,,784.0,,,,
10:12:25.189,-105727.0,,782.0,,,,
10:12:25.195,-105725.0,,781.0,,,,
10:12:25.200,-105725.0,,782.0,,,,
10:12:25.208,-105694.0,,791.0,,,,
10:12:25.214,-105706.0,,784.0,,,,
10:12:25.221,-105694.0,,781.0,,,,
10:12:25.226,-105686.0,,792.0,,,,
10:12:25.232,-105685.0,,792.0,,,,
10:12:25.238,-105673.0,,791.0,,,,
10:12:25.242,-105680.0,,791.0,,,,
10:12:25.248,-105687.0,,795.0,,,,
10:12:25.253,-105688.0,,794.0,,,,
10:12:25.258,-105657.0,,793.0,,,,
10:12:25.263,-105670.0,,794.0,,,,
10:12:25.267,-105673.0,,794.0,,,,
10:12:25.272,-105663.0,,793.0,,,,
10:12:25.276,-105658.0,,794.0,,,,
10:12:25.282,-105684.0,,792.0,,,,
10:12:25.287,-105673.0,,792.0,,,,
10:12:25.291,-105679.0,,783.0,,,,
10:12:25.298,-105679.0,,792.0,,,,
10:12:25.304,-105699.0,,794.0,,,,
10:12:25.309,-105696.0,,792.0,,,,
10:12:25.315,-105704.0,,791.0,,,,
10:12:25.320,-105710.0,,795.0,,,,
10:12:25.325,-105726.0,,782.0,,,,
10:12:25.330,-105710.0,,791.0,,,,
10:12:25.335,-105738.0,,792.0,,,,
10:12:25.340,-105747.0,,792.0,,,,
10:12:25.344,-105761.0,,792.0,,,,
10:12:25.348,-105770.0,,791.0,,,,
10:12:25.353,-105775.0,,792.0,,,,
10:12:25.358,-105778.0,,793.0,,,,
10:12:25.364,-105793.0,,791.0,,,,
10:12:25.369,-105802.0,,792.0,,,,
10:12:25.374,-105802.0,,784.0,,,,
10:12:25.379,-105806.0,,792.0,,,,
10:12:25.383,-105792.0,,791.0,,,,
10:12:25.388,-105810.0,,784.0,,,,
10:12:25.393,-105806.0,,791.0,,,,
10:12:25.398,-105829.0,,784.0,,,,
10:12:25.403,-105827.0,,782.0,,,,
10:12:25.407,-105830.0,,791.0,,,,
10:12:25.412,-105836.0,,791.0,,,,
10:12:25.416,-105839.0,,783.0,,,,
10:12:25.421,-105834.0,,782.0,,,,
10:12:25.425,-105872.0,,783.0,,,,
10:12:25.431,-105874.0,,792.0,,,,
10:12:25.436,-105864.0,,791.0,,,,
10:12:25.440,-105877.0,,792.0,,,,
10:12:25.446,-105884.0,,793.0,,,,
10:12:25.450,-105895.0,,793.0,,,,
10:12:25.455,-105892.0,,792.0,,,,
10:12:25.460,-105894.0,,782.0,,,,
10:12:25.465,-105900.0,,791.0,,,,
10:12:25.469,-105919.0,,792.0,,,,
10:12:25.473,-105925.0,,783.0,,,,
10:12:25.478,-105930.0,,782.0,,,,
10:12:25.482,-105919.0,,781.0,,,,
10:12:25.487,-105927.0,,783.0,,,,
10:12:25.491,-105943.0,,791.0,,,,
10:12:25.496,-105961.0,,782.0,,,,
10:12:25.501,-105940.0,,792.0,,,,
10:12:25.506,-105962.0,,790.0,,,,
10:12:25.511,-105965.0,,791.0,,,,
10:12:25.517,-105979.0,,782.0,,,,
10:12:25.522,-105988.0,,792.0,,,,
10:12:25.526,-106008.0,,792.0,,,,
10:12:25.531,-106012.0,,791.0,,,,
10:12:25.538,-106012.0,,792.0,,,,
10:12:25.543,-106018.0,,792.0,,,,
10:12:25.549,-106036.0,,791.0,,,,
10:12:25.554,-106044.0,,783.0,,,,
10:12:25.558,-106030.0,,783.0,,,,
10:12:25.563,-106045.0,,791.0,,,,
10:12:25.567,-106045.0,,795.0,,,,
10:12:25.572,-106048.0,,791.0,,,,
10:12:25.577,-106046.0,,789.0,,,,
10:12:25.582,-106067.0,,792.0,,,,
10:12:25.587,-106055.0,,793.0,,,,
10:12:25.592,-106072.0,,791.0,,,,
10:12:25.596,-106070.0,,782.0,,,,
10:12:25.600,-106069.0,,792.0,,,,
10:12:25.606,-106091.0,,792.0,,,,
10:12:25.611,-106090.0,,783.0,,,,
10:12:25.616,-106092.0,,783.0,,,,
10:12:25.622,-106090.0,,791.0,,,,
10:12:25.628,-106104.0,,792.0,,,,
10:12:25.634,-106110.0,,794.0,,,,
10:12:25.640,-106133.0,,794.0,,,,
10:12:25.645,-106112.0,,795.0,,,,
10:12:25.649,-106117.0,,793.0,,,,
10:12:25.655,-106131.0,,790.0,,,,
10:12:25.660,-106145.0,,791.0,,,,
10:12:25.665,-106135.0,,792.0,,,,
10:12:25.670,-106145.0,,793.0,,,,
10:12:25.674,-106133.0,,783.0,,,,
10:12:25.679,-106130.0,,791.0,,,,
10:12:25.683,-106150.0,,792.0,,,,
10:12:25.687,-106171.0,,791.0,,,,
10:12:25.692,-106175.0,,791.0,,,,
10:12:25.696,-106193.0,,792.0,,,,
10:12:25.701,-106192.0,,791.0,,,,
10:12:25.705,-106167.0,,794.0,,,,
10:12:25.710,-106203.0,,783.0,,,,
10:12:25.714,-106199.0,,782.0,,,,
10:12:25.719,-106193.0,,792.0,,,,
10:12:25.723,-106185.0,,782.0,,,,
10:12:25.728,-106165.0,,783.0,,,,
10:12:25.732,-106145.0,,782.0,,,,
10:12:25.737,-106119.0,,783.0,,,,
10:12:25.741,-106085.0,,783.0,,,,
10:12:25.745,-106063.0,,783.0,,,,
10:12:25.749,-106019.0,,782.0,,,,
10:12:25.754,-105947.0,,782.0,,,,
10:12:25.758,-105930.0,,783.0,,,,
10:12:25.763,-105887.0,,781.0,,,,
10:12:25.767,-105854.0,,782.0,,,,
10:12:25.772,-105813.0,,784.0,,,,
10:12:25.777,-105769.0,,781.0,,,,
10:12:25.782,-105726.0,,783.0,,,,
10:12:25.786,-105697.0,,781.0,,,,
10:12:25.791,-105656.0,,791.0,,,,
10:12:25.795,-105626.0,,791.0,,,,
10:12:25.801,-105595.0,,784.0,,,,
10:12:25.807,-105575.0,,791.0,,,,
10:12:25.814,-105550.0,,793.0,,,,
10:12:25.821,-105543.0,,796.0,,,,
10:12:25.827,-105506.0,,795.0,,,,
10:12:25.835,-105482.0,,795.0,,,,
10:12:25.843,-105466.0,,796.0,,,,
10:12:25.849,-105447.0,,793.0,,,,
10:12:25.856,-105447.0,,792.0,,,,
10:12:25.864,-105445.0,,791.0,,,,
10:12:25.871,-105434.0,,793.0,,,,
10:12:25.878,-105436.0,,793.0,,,,
10:12:25.885,-105439.0,,791.0,,,,
10:12:25.892,-105446.0,,791.0,,,,
10:12:25.899,-105459.0,,792.0,,,,
10:12:25.906,-105454.0,,792.0,,,,
10:12:25.913,-105463.0,,791.0,,,,
10:12:25.919,-105465.0,,793.0,,,,
10:12:25.924,-105460.0,,793.0,,,,
10:12:25.928,-105473.0,,792.0,,,,
10:12:25.933,-105468.0,,792.0,,,,
10:12:25.938,-105486.0,,792.0,,,,
10:12:25.942,-105494.0,,793.0,,,,
10:12:25.947,-105486.0,,792.0,,,,
10:12:25.951,-105493.0,,792.0,,,,
10:12:25.956,-105505.0,,790.0,,,,
10:12:25.960,-105508.0,,792.0,,,,
10:12:25.965,-105503.0,,792.0,,,,
10:12:25.969,-105524.0,,783.0,,,,
10:12:25.973,-105497.0,,792.0,,,,
10:12:25.978,-105527.0,,792.0,,,,
10:12:25.983,-105523.0,,792.0,,,,
10:12:25.988,-105536.0,,792.0,,,,
10:12:25.992,-105532.0,,790.0,,,,
10:12:25.997,-105557.0,,795.0,,,,
10:12:26.001,-105537.0,,791.0,,,,
10:12:26.006,-105554.0,,784.0,,,,
10:12:26.011,-105552.0,,794.0,,,,
10:12:26.015,-105566.0,,792.0,,,,
10:12:26.020,-105584.0,,791.0,,,,
10:12:26.024,-105589.0,,792.0,,,,
10:12:26.029,-105589.0,,791.0,,,,
10:12:26.034,-105595.0,,798.0,,,,
10:12:26.040,-105601.0,,795.0,,,,
10:12:26.046,-105594.0,,793.0,,,,
10:12:26.051,-105591.0,,794.0,,,,
10:12:26.057,-105577.0,,793.0,,,,
10:12:26.063,-105587.0,,792.0,,,,
10:12:26.068,-105579.0,,792.0,,,,
10:12:26.074,-105557.0,,784.0,,,,
10:12:26.080,-105551.0,,792.0,,,,
10:12:26.084,-105567.0,,791.0,,,,
10:12:26.090,-105566.0,,783.0,,,,
10:12:26.096,-105561.0,,791.0,,,,
10:12:26.101,-105525.0,,791.0,,,,
10:12:26.106,-105530.0,,781.0,,,,
10:12:26.111,-105525.0,,783.0,,,,
10:12:26.117,-105529.0,,783.0,,,,
10:12:26.123,-105526.0,,792.0,,,,
10:12:26.130,-105529.0,,791.0,,,,
10:12:26.135,-105530.0,,791.0,,,,
10:12:26.141,-105530.0,,782.0,,,,
10:12:26.148,-105515.0,,782.0,,,,
10:12:26.154,-105510.0,,783.0,,,,
10:12:26.159,-105508.0,,782.0,,,,
10:12:26.164,-105507.0,,791.0,,,,
10:12:26.168,-105519.0,,791.0,,,,
10:12:26.173,-105500.0,,783.0,,,,
10:12:26.178,-105470.0,,783.0,,,,
10:12:26.183,-105505.0,,791.0,,,,
10:12:26.188,-105504.0,,792.0,,,,
10:12:26.192,-105524.0,,792.0,,,,
10:12:26.197,-105500.0,,782.0,,,,
10:12:26.201,-105499.0,,791.0,,,,
10:12:26.206,-105497.0,,793.0,,,,
10:12:26.211,-105494.0,,783.0,,,,
10:12:26.216,-105519.0,,782.0,,,,
10:12:26.222,-105498.0,,783.0,,,,
10:12:26.227,-105523.0,,792.0,,,,
10:12:26.232,-105515.0,,782.0,,,,
10:12:26.238,-105527.0,,782.0,,,,
10:12:26.242,-105532.0,,796.0,,,,
10:12:26.247,-105534.0,,795.0,,,,
10:12:26.251,-105560.0,,793.0,,,,
10:12:26.256,-105534.0,,792.0,,,,
10:12:26.262,-105542.0,,792.0,,,,
10:12:26.266,-105546.0,,797.0,,,,
10:12:26.272,-105559.0,,794.0,,,,
10:12:26.277,-105560.0,,792.0,,,,
10:12:26.292,-105558.0,,795.0,,,,
10:12:26.298,-105574.0,,792.0,,,,
10:12:26.304,-105581.0,,792.0,,,,
10:12:26.310,-105598.0,,782.0,,,,
10:12:26.317,-105608.0,,792.0,,,,
10:12:26.323,-105601.0,,792.0,,,,
10:12:26.329,-105610.0,,791.0,,,,
10:12:26.335,-105623.0,,782.0,,,,
10:12:26.341,-105646.0,,792.0,,,,
10:12:26.347,-105650.0,,792.0,,,,
10:12:26.352,-105654.0,,792.0,,,,
10:12:26.356,-105629.0,,782.0,,,,
10:12:26.360,-105673.0,,784.0,,,,
10:12:26.364,-105684.0,,792.0,,,,
10:12:26.368,-105699.0,,792.0,,,,
10:12:26.373,-105712.0,,783.0,,,,
10:12:26.377,-105721.0,,791.0,,,,
10:12:26.382,-105735.0,,793.0,,,,
10:12:26.386,-105723.0,,808.0,,,,
10:12:26.391,-105713.0,,794.0,,,,
10:12:26.395,-105734.0,,792.0,,,,
10:12:26.399,-105732.0,,778.0,,,,
10:12:26.403,-105739.0,,775.0,,,,
10:12:26.407,-105761.0,,777.0,,,,
10:12:26.413,-105748.0,,779.0,,,,
10:12:26.417,-105746.0,,782.0,,,,
10:12:26.422,-105772.0,,781.0,,,,
10:12:26.426,-105769.0,,781.0,,,,
10:12:26.431,-105766.0,,784.0,,,,
10:12:26.436,-105773.0,,791.0,,,,
10:12:26.440,-105787.0,,782.0,,,,
10:12:26.445,-105785.0,,793.0,,,,
10:12:26.449,-105811.0,,794.0,,,,
10:12:26.453,-105803.0,,794.0,,,,
10:12:26.457,-105797.0,,793.0,,,,
10:12:26.461,-105813.0,,792.0,,,,
10:12:26.466,-105807.0,,792.0,,,,
10:12:26.470,-105810.0,,790.0,,,,
10:12:26.475,-105806.0,,791.0,,,,
10:12:26.480,-105793.0,,783.0,,,,
10:12:26.485,-105798.0,,784.0,,,,
10:12:26.490,-105817.0,,792.0,,,,
10:12:26.496,-105844.0,,791.0,,,,
10:12:26.500,-105835.0,,782.0,,,,
10:12:26.506,-105830.0,,783.0,,,,
10:12:26.510,-105841.0,,792.0,,,,
10:12:26.515,-105850.0,,782.0,,,,
10:12:26.521,-105862.0,,782.0,,,,
10:12:26.525,-105884.0,,783.0,,,,
10:12:26.531,-105890.0,,791.0,,,,
10:12:26.537,-105901.0,,783.0,,,,
10:12:26.542,-105913.0,,783.0,,,,
10:12:26.548,-105920.0,,783.0,,,,
10:12:26.554,-105918.0,,792.0,,,,
10:12:26.558,-105937.0,,782.0,,,,
10:12:26.564,-105943.0,,781.0,,,,
10:12:26.568,-105938.0,,783.0,,,,
10:12:26.573,-105933.0,,793.0,,,,
10:12:26.578,-105940.0,,783.0,,,,
10:12:26.582,-105941.0,,782.0,,,,
10:12:26.587,-105934.0,,784.0,,,,
10:12:26.591,-105964.0,,791.0,,,,
10:12:26.595,-105958.0,,783.0,,,,
10:12:26.599,-105969.0,,780.0,,,,
10:12:26.605,-105965.0,,783.0,,,,
10:12:26.610,-105974.0,,781.0,,,,
10:12:26.615,-105978.0,,782.0,,,,
10:12:26.620,-105974.0,,781.0,,,,
10:12:26.623,-105984.0,,784.0,,,,
10:12:26.628,-105991.0,,791.0,,,,
10:12:26.632,-105990.0,,795.0,,,,
10:12:26.638,-105982.0,,792.0,,,,
10:12:26.642,-105985.0,,795.0,,,,
10:12:26.649,-105973.0,,795.0,,,,
10:12:26.654,-105952.0,,792.0,,,,
10:12:26.659,-105935.0,,792.0,,,,
10:12:26.664,-105904.0,,784.0,,,,
10:12:26.668,-105870.0,,792.0,,,,
10:12:26.673,-105842.0,,782.0,,,,
10:12:26.678,-105800.0,,792.0,,,,
10:12:26.683,-105775.0,,792.0,,,,
10:12:26.688,-105745.0,,791.0,,,,
10:12:26.692,-105718.0,,791.0,,,,
10:12:26.697,-105657.0,,781.0,,,,
10:12:26.701,-105640.0,,792.0,,,,
10:12:26.705,-105593.0,,791.0,,,,
10:12:26.709,-105566.0,,782.0,,,,
10:12:26.713,-105546.0,,791.0,,,,
10:12:26.717,-105505.0,,792.0,,,,
10:12:26.721,-105463.0,,791.0,,,,
10:12:26.728,-105447.0,,791.0,,,,
10:12:26.733,-105435.0,,791.0,,,,
10:12:26.737,-105399.0,,791.0,,,,
10:12:26.744,-105385.0,,792.0,,,,
10:12:26.750,-105345.0,,793.0,,,,
10:12:26.758,-105352.0,,791.0,,,,
10:12:26.764,-105315.0,,792.0,,,,
10:12:26.772,-105298.0,,792.0,,,,
10:12:26.779,-105301.0,,792.0,,,,
10:12:26.786,-105290.0,,791.0,,,,
10:12:26.793,-105284.0,,784.0,,,,
10:12:26.801,-105284.0,-91.91724865221168,784.0,88.71989860583017,-0.6644757226415917,-0.2620522496307341,0.0
10:12:26.832,-105269.0,,793.0,,,,
10:12:26.851,-105269.0,,792.0,,,,
10:12:26.859,-105277.0,,791.0,,,,
10:12:26.866,-105272.0,,793.0,,,,
10:12:26.871,-105278.0,,793.0,,,,
10:12:26.875,-105267.0,,793.0,,,,
10:12:26.882,-105265.0,,793.0,,,,
10:12:26.890,-105253.0,,783.0,,,,
10:12:26.897,-105287.0,,798.0,,,,
10:12:26.901,-105261.0,,795.0,,,,
10:12:26.906,-105283.0,,795.0,,,,
10:12:26.911,-105284.0,,795.0,,,,
10:12:26.917,-105268.0,,795.0,,,,
10:12:26.922,-105288.0,,794.0,,,,
10:12:26.926,-105288.0,,792.0,,,,
10:12:26.930,-105264.0,,794.0,,,,
10:12:26.935,-105284.0,,794.0,,,,
10:12:26.940,-105294.0,,790.0,,,,
10:12:26.944,-105290.0,,791.0,,,,
10:12:26.948,-105311.0,,793.0,,,,
10:12:26.953,-105323.0,,792.0,,,,
10:12:26.957,-105315.0,,792.0,,,,
10:12:26.962,-105346.0,,790.0,,,,
10:12:26.966,-105340.0,,791.0,,,,
10:12:26.970,-105362.0,,792.0,,,,
10:12:26.974,-105373.0,,783.0,,,,
10:12:26.979,-105380.0,,783.0,,,,
10:12:26.983,-105398.0,,793.0,,,,
10:12:26.987,-105414.0,,792.0,,,,
10:12:26.992,-105421.0,,783.0,,,,
10:12:26.996,-105424.0,,781.0,,,,
10:12:27.000,-105416.0,,783.0,,,,
10:12:27.004,-105435.0,,790.0,,,,
10:12:27.008,-105424.0,,782.0,,,,
10:12:27.012,-105424.0,,784.0,,,,
10:12:27.016,-105438.0,,791.0,,,,
10:12:27.021,-105427.0,,790.0,,,,
10:12:27.024,-105427.0,,782.0,,,,
10:12:27.028,-105448.0,,790.0,,,,
10:12:27.032,-105428.0,,792.0,,,,
10:12:27.036,-105401.0,,792.0,,,,
10:12:27.041,-105392.0,,782.0,,,,
10:12:27.045,-105389.0,,791.0,,,,
10:12:27.049,-105386.0,,792.0,,,,
10:12:27.053,-105372.0,,782.0,,,,
10:12:27.057,-105372.0,,791.0,,,,
10:12:27.061,-105381.0,,783.0,,,,
10:12:27.066,-105354.0,,797.0,,,,
10:12:27.070,-105356.0,,795.0,,,,
10:12:27.074,-105347.0,,793.0,,,,
10:12:27.077,-105353.0,,791.0,,,,
10:12:27.081,-105328.0,,793.0,,,,
10:12:27.085,-105340.0,,792.0,,,,
10:12:27.089,-105335.0,,784.0,,,,
10:12:27.093,-105316.0,,793.0,,,,
10:12:27.097,-105317.0,,793.0,,,,
10:12:27.101,-105300.0,,791.0,,,,
10:12:27.107,-105321.0,,783.0,,,,
10:12:27.112,-105329.0,,791.0,,,,
10:12:27.116,-105321.0,,791.0,,,,
10:12:27.121,-105329.0,,791.0,,,,
10:12:27.126,-105337.0,,783.0,,,,
10:12:27.131,-105335.0,,792.0,,,,
10:12:27.136,-105338.0,,795.0,,,,
10:12:27.142,-105358.0,,792.0,,,,
10:12:27.147,-105366.0,,793.0,,,,
10:12:27.153,-105373.0,,784.0,,,,
10:12:27.158,-105380.0,,793.0,,,,
10:12:27.163,-105362.0,,794.0,,,,
10:12:27.167,-105393.0,,791.0,,,,
10:12:27.172,-105409.0,,791.0,,,,
10:12:27.177,-105399.0,,792.0,,,,
10:12:27.182,-105407.0,,784.0,,,,
10:12:27.186,-105413.0,,791.0,,,,
10:12:27.191,-105434.0,,783.0,,,,
10:12:27.196,-105423.0,,792.0,,,,
10:12:27.200,-105432.0,,793.0,,,,
10:12:27.205,-105432.0,,782.0,,,,
10:12:27.209,-105432.0,,791.0,,,,
10:12:27.214,-105437.0,,792.0,,,,
10:12:27.219,-105451.0,,792.0,,,,
10:12:27.223,-105458.0,,783.0,,,,
10:12:27.228,-105434.0,,792.0,,,,
10:12:27.232,-105462.0,,793.0,,,,
10:12:27.237,-105464.0,,794.0,,,,
10:12:27.242,-105465.0,,791.0,,,,
10:12:27.246,-105463.0,,794.0,,,,
10:12:27.251,-105480.0,,793.0,,,,
10:12:27.255,-105481.0,,794.0,,,,
10:12:27.260,-105509.0,,793.0,,,,
10:12:27.264,-105514.0,,791.0,,,,
10:12:27.269,-105511.0,,793.0,,,,
10:12:27.273,-105514.0,,796.0,,,,
10:12:27.278,-105517.0,,791.0,,,,
10:12:27.283,-105522.0,,793.0,,,,
10:12:27.287,-105526.0,,793.0,,,,
10:12:27.291,-105552.0,,792.0,,,,
10:12:27.295,-105549.0,,791.0,,,,
10:12:27.299,-105544.0,,792.0,,,,
10:12:27.304,-105527.0,,792.0,,,,
10:12:27.310,-105560.0,,793.0,,,,
10:12:27.314,-105557.0,,784.0,,,,
10:12:27.319,-105577.0,,791.0,,,,
10:12:27.323,-105597.0,,792.0,,,,
10:12:27.328,-105601.0,,792.0,,,,
10:12:27.332,-105613.0,,783.0,,,,
10:12:27.337,-105607.0,,791.0,,,,
10:12:27.342,-105622.0,,792.0,,,,
10:12:27.349,-105656.0,,792.0,,,,
10:12:27.356,-105676.0,,783.0,,,,
10:12:27.363,-105651.0,,783.0,,,,
10:12:27.368,-105648.0,,792.0,,,,
10:12:27.374,-105652.0,,792.0,,,,
10:12:27.381,-105670.0,,793.0,,,,
10:12:27.388,-105670.0,,793.0,,,,
10:12:27.393,-105677.0,,795.0,,,,
10:12:27.399,-105670.0,,793.0,,,,
10:12:27.406,-105678.0,,792.0,,,,
10:12:27.413,-105682.0,,792.0,,,,
10:12:27.418,-105684.0,,793.0,,,,
10:12:27.425,-105697.0,,793.0,,,,
10:12:27.431,-105685.0,,792.0,,,,
10:12:27.437,-105702.0,,792.0,,,,
10:12:27.441,-105702.0,,791.0,,,,
10:12:27.447,-105712.0,,797.0,,,,
10:12:27.452,-105708.0,,794.0,,,,
10:12:27.457,-105714.0,,795.0,,,,
10:12:27.462,-105734.0,,795.0,,,,
10:12:27.466,-105720.0,,795.0,,,,
10:12:27.472,-105729.0,,793.0,,,,
10:12:27.477,-105730.0,,794.0,,,,
10:12:27.482,-105719.0,,795.0,,,,
10:12:27.487,-105722.0,,793.0,,,,
10:12:27.491,-105712.0,,793.0,,,,
10:12:27.497,-105741.0,,794.0,,,,
10:12:27.501,-105754.0,,793.0,,,,
10:12:27.507,-105771.0,,793.0,,,,
10:12:27.512,-105777.0,,783.0,,,,
10:12:27.517,-105772.0,,793.0,,,,
10:12:27.522,-105772.0,,793.0,,,,
10:12:27.528,-105802.0,,792.0,,,,
